Numero	saison	map	player_id	player	total_score	position	challenge_id
1	0	A Community World	61f34541904c1e0001f465da	Comte	16263	1	kpzjmZ7eJC1cyWPo
1	0	A Community World	68f2e3307b1dd2467d0fc0f5	Etterima	15170	2	kpzjmZ7eJC1cyWPo
2	0	An Extraordinary World	68f2e3307b1dd2467d0fc0f5	Etterima	14969	1	KuKDdBFbAgYpdx6A
2	0	An Extraordinary World	61f34541904c1e0001f465da	Comte	11515	2	KuKDdBFbAgYpdx6A
3	0	An Extraordinary World	5eb9c2e197d6cf4bc8c17c07	Ca_Marsh	7214	1	MyqX6Tss6KHr5DSg
3	0	An Extraordinary World	61f34541904c1e0001f465da	Comte	6078	2	MyqX6Tss6KHr5DSg
3	0	An Extraordinary World	5fd92523f4c2960001e34146	bb1066	5644	3	MyqX6Tss6KHr5DSg
3	0	An Extraordinary World	68f2e3307b1dd2467d0fc0f5	Etterima	4065	4	MyqX6Tss6KHr5DSg
4	0	An Extraordinary World	68f2e3307b1dd2467d0fc0f5	Etterima	11893	1	Ffe86Oc9JBjh8Hnl
4	0	An Extraordinary World	5eb9c2e197d6cf4bc8c17c07	Ca_Marsh	11108	2	Ffe86Oc9JBjh8Hnl
4	0	An Extraordinary World	61f34541904c1e0001f465da	Comte	8938	3	Ffe86Oc9JBjh8Hnl
5	0	An Extraordinary World	68f2e3307b1dd2467d0fc0f5	Etterima	7301	1	1EyRQZosv4t2y6Id
5	0	An Extraordinary World	61f34541904c1e0001f465da	Comte	6616	2	1EyRQZosv4t2y6Id
5	0	An Extraordinary World	5eb9c2e197d6cf4bc8c17c07	Ca_Marsh	5443	3	1EyRQZosv4t2y6Id
6	0	An Extraordinary World	5eb9c2e197d6cf4bc8c17c07	Ca_Marsh	11380	1	uKVdM4lvofGBxXCO
6	0	An Extraordinary World	68f2e3307b1dd2467d0fc0f5	Etterima	8960	2	uKVdM4lvofGBxXCO
6	0	An Extraordinary World	61f34541904c1e0001f465da	Comte	7619	3	uKVdM4lvofGBxXCO
7	0	A Community World	68f2e3307b1dd2467d0fc0f5	Etterima	20974	1	HN1JiD501Z0r91Qs
7	0	A Community World	61f34541904c1e0001f465da	Comte	20913	2	HN1JiD501Z0r91Qs
7	0	A Community World	5eb9c2e197d6cf4bc8c17c07	Ca_Marsh	16421	3	HN1JiD501Z0r91Qs
8	0	A Community World	68f2e3307b1dd2467d0fc0f5	Etterima	20930	1	7uXQIbIuHzPRBQhD
8	0	A Community World	61f34541904c1e0001f465da	Comte	18698	2	7uXQIbIuHzPRBQhD
8	0	A Community World	5eb9c2e197d6cf4bc8c17c07	Ca_Marsh	16909	3	7uXQIbIuHzPRBQhD
9	0	A Community World	5c7e311ef8f7fb721848c8d5	Jamaicaforever69	15622	1	vOFs1ulXC35OHicE
9	0	A Community World	5eb9c2e197d6cf4bc8c17c07	Ca_Marsh	14065	2	vOFs1ulXC35OHicE
9	0	A Community World	61f34541904c1e0001f465da	Comte	12801	3	vOFs1ulXC35OHicE
9	0	A Community World	68f2e3307b1dd2467d0fc0f5	Etterima	10384	4	vOFs1ulXC35OHicE
10	0	A Community World	61f34541904c1e0001f465da	Comte	16068	1	ix2b2QMpKSo6gITR
10	0	A Community World	5c7e311ef8f7fb721848c8d5	Jamaicaforever69	13122	2	ix2b2QMpKSo6gITR
10	0	A Community World	5eb9c2e197d6cf4bc8c17c07	Ca_Marsh	11323	3	ix2b2QMpKSo6gITR
10	0	A Community World	68f2e3307b1dd2467d0fc0f5	Etterima	10727	4	ix2b2QMpKSo6gITR
10	0	A Community World	69694bc4b17fac950c9074f9	Marixx	9886	5	ix2b2QMpKSo6gITR
11	0	A Community World	5eb9c2e197d6cf4bc8c17c07	Ca_Marsh	16863	1	Thu2ct9dI8rEEBqF
11	0	A Community World	68f2e3307b1dd2467d0fc0f5	Etterima	14397	2	Thu2ct9dI8rEEBqF
11	0	A Community World	61f34541904c1e0001f465da	Comte	12766	3	Thu2ct9dI8rEEBqF
12	0	A Community World	61f34541904c1e0001f465da	Comte	23370	1	PevL6fq1lTWzvAed
12	0	A Community World	5eb9c2e197d6cf4bc8c17c07	Ca_Marsh	20119	2	PevL6fq1lTWzvAed
12	0	A Community World	68f2e3307b1dd2467d0fc0f5	Etterima	17063	3	PevL6fq1lTWzvAed
12	0	A Community World	64836c81ad20f4a5e20f1cb9	Breeze	16450	4	PevL6fq1lTWzvAed
13	0	A Community World	68f2e3307b1dd2467d0fc0f5	Etterima	22365	1	pqNXqQB8oiHUzbIL
13	0	A Community World	61f34541904c1e0001f465da	Comte	21612	2	pqNXqQB8oiHUzbIL
13	0	A Community World	5eb9c2e197d6cf4bc8c17c07	Ca_Marsh	18365	3	pqNXqQB8oiHUzbIL
14	0	A Community World	61f34541904c1e0001f465da	Comte	23025	1	jRQyYUeFsSKWN4Ak
14	0	A Community World	5eb9c2e197d6cf4bc8c17c07	Ca_Marsh	20940	2	jRQyYUeFsSKWN4Ak
14	0	A Community World	68f2e3307b1dd2467d0fc0f5	Etterima	20053	3	jRQyYUeFsSKWN4Ak
15	0	A Community World	61f34541904c1e0001f465da	Comte	21226	1	z2QDpYHGZEyHznnR
15	0	A Community World	68f2e3307b1dd2467d0fc0f5	Etterima	19285	2	z2QDpYHGZEyHznnR
15	0	A Community World	5eb9c2e197d6cf4bc8c17c07	Ca_Marsh	15402	3	z2QDpYHGZEyHznnR
16	0	A Community World	5d4ef32341d2a43c1cd80507	velopower	18037	1	KJRHMWMziHZ2YdmF
16	0	A Community World	68f2e3307b1dd2467d0fc0f5	Etterima	16946	2	KJRHMWMziHZ2YdmF
16	0	A Community World	61f34541904c1e0001f465da	Comte	16906	3	KJRHMWMziHZ2YdmF
16	0	A Community World	5eb9c2e197d6cf4bc8c17c07	Ca_Marsh	12768	4	KJRHMWMziHZ2YdmF
16	0	A Community World	5fe605e73351fe000163e0e7	Jonnilio	6286	5	KJRHMWMziHZ2YdmF
17	0	A Community World	5d4ef32341d2a43c1cd80507	velopower	23362	1	dfrvYKtPKzYcm4gY
17	0	A Community World	61f34541904c1e0001f465da	Comte	20989	2	dfrvYKtPKzYcm4gY
17	0	A Community World	68f2e3307b1dd2467d0fc0f5	Etterima	17957	3	dfrvYKtPKzYcm4gY
17	0	A Community World	5eb9c2e197d6cf4bc8c17c07	Ca_Marsh	13383	4	dfrvYKtPKzYcm4gY
18	0	A Community World	68f2e3307b1dd2467d0fc0f5	Etterima	19171	1	UpQhJmluzoJ9oTY8
18	0	A Community World	61f34541904c1e0001f465da	Comte	18528	2	UpQhJmluzoJ9oTY8
18	0	A Community World	5eb9c2e197d6cf4bc8c17c07	Ca_Marsh	16206	3	UpQhJmluzoJ9oTY8
19	0	A Community World	61f34541904c1e0001f465da	Comte	16659	1	2GswTrgUUH6EFXfR
19	0	A Community World	68f2e3307b1dd2467d0fc0f5	Etterima	10600	2	2GswTrgUUH6EFXfR
19	0	A Community World	5eb9c2e197d6cf4bc8c17c07	Ca_Marsh	9279	3	2GswTrgUUH6EFXfR
20	0	A Community World	61f34541904c1e0001f465da	Comte	23894	1	iW6wgyM2wj48zWtk
20	0	A Community World	68f2e3307b1dd2467d0fc0f5	Etterima	23552	2	iW6wgyM2wj48zWtk
20	0	A Community World	5eb9c2e197d6cf4bc8c17c07	Ca_Marsh	18908	3	iW6wgyM2wj48zWtk
21	0	A Community World	68f2e3307b1dd2467d0fc0f5	Etterima	22055	1	c7epiKKeM4WXZDfu
21	0	A Community World	61f34541904c1e0001f465da	Comte	20628	2	c7epiKKeM4WXZDfu
21	0	A Community World	5eb9c2e197d6cf4bc8c17c07	Ca_Marsh	18839	3	c7epiKKeM4WXZDfu
22	0	A Community World	61f34541904c1e0001f465da	Comte	20470	1	nbuZ4Fx8HjxgDEYB
22	0	A Community World	68f2e3307b1dd2467d0fc0f5	Etterima	14203	2	nbuZ4Fx8HjxgDEYB
22	0	A Community World	5eb9c2e197d6cf4bc8c17c07	Ca_Marsh	13840	3	nbuZ4Fx8HjxgDEYB
23	0	A Community World	68f2e3307b1dd2467d0fc0f5	Etterima	14377	1	NDm3j853YQnRjj0f
23	0	A Community World	61f34541904c1e0001f465da	Comte	14014	2	NDm3j853YQnRjj0f
23	0	A Community World	5eb9c2e197d6cf4bc8c17c07	Ca_Marsh	10013	3	NDm3j853YQnRjj0f
24	0	A Community World	68f2e3307b1dd2467d0fc0f5	Etterima	22817	1	VwZ31qR33zDXwve7
24	0	A Community World	5eb9c2e197d6cf4bc8c17c07	Ca_Marsh	22497	2	VwZ31qR33zDXwve7
24	0	A Community World	61f34541904c1e0001f465da	Comte	22107	3	VwZ31qR33zDXwve7
25	0	A Community World	61f34541904c1e0001f465da	Comte	16310	1	XSBEoRu7nhcw0Jro
25	0	A Community World	5eb9c2e197d6cf4bc8c17c07	Ca_Marsh	12579	2	XSBEoRu7nhcw0Jro
25	0	A Community World	68f2e3307b1dd2467d0fc0f5	Etterima	12425	3	XSBEoRu7nhcw0Jro
26	0	A Community World	61f34541904c1e0001f465da	Comte	19591	1	Wak00tIYJu7Dyj2u
26	0	A Community World	5eb9c2e197d6cf4bc8c17c07	Ca_Marsh	16876	2	Wak00tIYJu7Dyj2u
26	0	A Community World	68f2e3307b1dd2467d0fc0f5	Etterima	16760	3	Wak00tIYJu7Dyj2u
27	0	A Community World	61f34541904c1e0001f465da	Comte	15415	1	iFqhN3dmiDMeqL64
27	0	A Community World	68f2e3307b1dd2467d0fc0f5	Etterima	13751	2	iFqhN3dmiDMeqL64
27	0	A Community World	5eb9c2e197d6cf4bc8c17c07	Ca_Marsh	11695	3	iFqhN3dmiDMeqL64
28	0	A Community World	61f34541904c1e0001f465da	Comte	21797	1	w3GIkUDf43ez4Vn4
28	0	A Community World	68f2e3307b1dd2467d0fc0f5	Etterima	16814	2	w3GIkUDf43ez4Vn4
28	0	A Community World	5eb9c2e197d6cf4bc8c17c07	Ca_Marsh	12190	3	w3GIkUDf43ez4Vn4
29	0	Supersonic	68f2e3307b1dd2467d0fc0f5	Etterima	16255	1	PHHXtKkl77qjdkSQ
29	0	Supersonic	5eb9c2e197d6cf4bc8c17c07	Ca_Marsh	15284	2	PHHXtKkl77qjdkSQ
29	0	Supersonic	61f34541904c1e0001f465da	Comte	14283	3	PHHXtKkl77qjdkSQ
29	0	Supersonic	64836c81ad20f4a5e20f1cb9	Breeze	10483	4	PHHXtKkl77qjdkSQ
30	0	Supersonic	61f34541904c1e0001f465da	Comte	16734	1	p5BsomXNZV9J9gqF
30	0	Supersonic	68f2e3307b1dd2467d0fc0f5	Etterima	11744	2	p5BsomXNZV9J9gqF
30	0	Supersonic	5eb9c2e197d6cf4bc8c17c07	Ca_Marsh	8786	3	p5BsomXNZV9J9gqF
31	0	Supersonic	61f34541904c1e0001f465da	Comte	18580	1	NxWxz5INCEJCIU34
31	0	Supersonic	68f2e3307b1dd2467d0fc0f5	Etterima	16277	2	NxWxz5INCEJCIU34
31	0	Supersonic	5eb9c2e197d6cf4bc8c17c07	Ca_Marsh	13935	3	NxWxz5INCEJCIU34
31	0	Supersonic	64836c81ad20f4a5e20f1cb9	Breeze	9903	4	NxWxz5INCEJCIU34
32	0	Supersonic	61f34541904c1e0001f465da	Comte	18306	1	g4BXWhZhomAiC1MG
32	0	Supersonic	68f2e3307b1dd2467d0fc0f5	Etterima	15531	2	g4BXWhZhomAiC1MG
32	0	Supersonic	5eb9c2e197d6cf4bc8c17c07	Ca_Marsh	13730	3	g4BXWhZhomAiC1MG
33	0	Supersonic	61f34541904c1e0001f465da	Comte	14322	1	uMdDB4WZaRC7VaRj
33	0	Supersonic	68f2e3307b1dd2467d0fc0f5	Etterima	11207	2	uMdDB4WZaRC7VaRj
33	0	Supersonic	5eb9c2e197d6cf4bc8c17c07	Ca_Marsh	11046	3	uMdDB4WZaRC7VaRj
34	0	Supersonic	68f2e3307b1dd2467d0fc0f5	Etterima	21677	1	CtOZiDxfp1gSjXAw
34	0	Supersonic	64836c81ad20f4a5e20f1cb9	Breeze	18825	2	CtOZiDxfp1gSjXAw
34	0	Supersonic	5eb9c2e197d6cf4bc8c17c07	Ca_Marsh	16744	3	CtOZiDxfp1gSjXAw
34	0	Supersonic	61f34541904c1e0001f465da	Comte	13240	4	CtOZiDxfp1gSjXAw
35	0	Supersonic	61f34541904c1e0001f465da	Comte	17541	1	jExE8U2jiCPYaH7m
35	0	Supersonic	68f2e3307b1dd2467d0fc0f5	Etterima	13547	2	jExE8U2jiCPYaH7m
35	0	Supersonic	5eb9c2e197d6cf4bc8c17c07	Ca_Marsh	7284	3	jExE8U2jiCPYaH7m
36	0	An Arbitrary World	61f34541904c1e0001f465da	Comte	19399	1	kzeL0MzesF6NzbcJ
36	0	An Arbitrary World	68f2e3307b1dd2467d0fc0f5	Etterima	11928	2	kzeL0MzesF6NzbcJ
36	0	An Arbitrary World	5eb9c2e197d6cf4bc8c17c07	Ca_Marsh	9675	3	kzeL0MzesF6NzbcJ
37	0	An Arbitrary World	61f34541904c1e0001f465da	Comte	21287	1	rEMOnRSDuFTms4Dw
37	0	An Arbitrary World	68f2e3307b1dd2467d0fc0f5	Etterima	20910	2	rEMOnRSDuFTms4Dw
37	0	An Arbitrary World	5eb9c2e197d6cf4bc8c17c07	Ca_Marsh	13808	3	rEMOnRSDuFTms4Dw
38	0	An Arbitrary World	61f34541904c1e0001f465da	Comte	20561	1	Vmvel6f7AdVYY1pp
38	0	An Arbitrary World	68f2e3307b1dd2467d0fc0f5	Etterima	16519	2	Vmvel6f7AdVYY1pp
38	0	An Arbitrary World	5eb9c2e197d6cf4bc8c17c07	Ca_Marsh	12727	3	Vmvel6f7AdVYY1pp
39	0	An Arbitrary World	68f2e3307b1dd2467d0fc0f5	Etterima	17155	1	82UM8iIvU3OmwR4p
39	0	An Arbitrary World	61f34541904c1e0001f465da	Comte	15146	2	82UM8iIvU3OmwR4p
39	0	An Arbitrary World	5eb9c2e197d6cf4bc8c17c07	Ca_Marsh	10598	3	82UM8iIvU3OmwR4p
40	0	An Arbitrary World	5eb9c2e197d6cf4bc8c17c07	Ca_Marsh	18422	1	HxZfV6705hM63u67
40	0	An Arbitrary World	68f2e3307b1dd2467d0fc0f5	Etterima	15688	2	HxZfV6705hM63u67
40	0	An Arbitrary World	61f34541904c1e0001f465da	Comte	14869	3	HxZfV6705hM63u67
41	0	An Arbitrary World	61f34541904c1e0001f465da	Comte	17116	1	8SZaEmFfZ1lBSjjR
41	0	An Arbitrary World	68f2e3307b1dd2467d0fc0f5	Etterima	12439	2	8SZaEmFfZ1lBSjjR
41	0	An Arbitrary World	5eb9c2e197d6cf4bc8c17c07	Ca_Marsh	10646	3	8SZaEmFfZ1lBSjjR
41	0	An Arbitrary World	64836c81ad20f4a5e20f1cb9	Breeze	4534	4	8SZaEmFfZ1lBSjjR
42	0	An Arbitrary World	68f2e3307b1dd2467d0fc0f5	Etterima	19053	1	c0EZrpa8G1hiI86I
42	0	An Arbitrary World	5eb9c2e197d6cf4bc8c17c07	Ca_Marsh	18012	2	c0EZrpa8G1hiI86I
42	0	An Arbitrary World	61f34541904c1e0001f465da	Comte	16924	3	c0EZrpa8G1hiI86I
42	0	An Arbitrary World	64836c81ad20f4a5e20f1cb9	Breeze	12004	4	c0EZrpa8G1hiI86I
43	0	An Arbitrary World	61f34541904c1e0001f465da	Comte	18621	1	m1Ya7ju3fQGb4Aus
43	0	An Arbitrary World	5eb9c2e197d6cf4bc8c17c07	Ca_Marsh	13490	2	m1Ya7ju3fQGb4Aus
43	0	An Arbitrary World	68f2e3307b1dd2467d0fc0f5	Etterima	13043	3	m1Ya7ju3fQGb4Aus
44	0	An Arbitrary World	61f34541904c1e0001f465da	Comte	20556	1	RJmIs4KCwLzEd7de
44	0	An Arbitrary World	68f2e3307b1dd2467d0fc0f5	Etterima	19940	2	RJmIs4KCwLzEd7de
44	0	An Arbitrary World	5eb9c2e197d6cf4bc8c17c07	Ca_Marsh	16421	3	RJmIs4KCwLzEd7de
45	0	An Arbitrary World	61f34541904c1e0001f465da	Comte	19930	1	y5kwyAz26cxjYfbQ
45	0	An Arbitrary World	68f2e3307b1dd2467d0fc0f5	Etterima	18501	2	y5kwyAz26cxjYfbQ
45	0	An Arbitrary World	5eb9c2e197d6cf4bc8c17c07	Ca_Marsh	11491	3	y5kwyAz26cxjYfbQ
46	0	An Arbitrary World	5eb9c2e197d6cf4bc8c17c07	Ca_Marsh	15907	1	lP83nJeCfrXrsCHC
46	0	An Arbitrary World	61f34541904c1e0001f465da	Comte	10465	2	lP83nJeCfrXrsCHC
46	0	An Arbitrary World	68f2e3307b1dd2467d0fc0f5	Etterima	5617	3	lP83nJeCfrXrsCHC
47	0	An Arbitrary World	61f34541904c1e0001f465da	Comte	18549	1	E2HzQE3J5Y2ncnRA
47	0	An Arbitrary World	68f2e3307b1dd2467d0fc0f5	Etterima	11609	2	E2HzQE3J5Y2ncnRA
47	0	An Arbitrary World	64836c81ad20f4a5e20f1cb9	Breeze	11553	3	E2HzQE3J5Y2ncnRA
47	0	An Arbitrary World	5eb9c2e197d6cf4bc8c17c07	Ca_Marsh	5822	4	E2HzQE3J5Y2ncnRA
48	0	An Arbitrary World	68f2e3307b1dd2467d0fc0f5	Etterima	18534	1	OvPMjdPd5YLiM9Qb
48	0	An Arbitrary World	5eb9c2e197d6cf4bc8c17c07	Ca_Marsh	18395	2	OvPMjdPd5YLiM9Qb
48	0	An Arbitrary World	61f34541904c1e0001f465da	Comte	15928	3	OvPMjdPd5YLiM9Qb
49	0	Irish Pubs	61f34541904c1e0001f465da	Comte	22136	1	aRBxMOZAWlm5hL1o
49	0	Irish Pubs	5eb9c2e197d6cf4bc8c17c07	Ca_Marsh	14675	2	aRBxMOZAWlm5hL1o
49	0	Irish Pubs	68f2e3307b1dd2467d0fc0f5	Etterima	11545	3	aRBxMOZAWlm5hL1o
50	0	An Arbitrary World	61f34541904c1e0001f465da	Comte	21884	1	AZaqOkBQsGp57b1W
50	0	An Arbitrary World	68f2e3307b1dd2467d0fc0f5	Etterima	17484	2	AZaqOkBQsGp57b1W
50	0	An Arbitrary World	5eb9c2e197d6cf4bc8c17c07	Ca_Marsh	15178	3	AZaqOkBQsGp57b1W
51	0	An Arbitrary World	61f34541904c1e0001f465da	Comte	18020	1	xclapHn9yPNvw1um
51	0	An Arbitrary World	68f2e3307b1dd2467d0fc0f5	Etterima	17434	2	xclapHn9yPNvw1um
51	0	An Arbitrary World	5eb9c2e197d6cf4bc8c17c07	Ca_Marsh	13320	3	xclapHn9yPNvw1um
1	1	Aesthetic World	5eb9c2e197d6cf4bc8c17c07	Ca_Marsh	17341	1	OCoAzaBJZNz9T2eH
1	1	Aesthetic World	68f2e3307b1dd2467d0fc0f5	Etterima	15118	2	OCoAzaBJZNz9T2eH
1	1	Aesthetic World	61f34541904c1e0001f465da	Comte	14857	3	OCoAzaBJZNz9T2eH
1	1	Aesthetic World	64836c81ad20f4a5e20f1cb9	Breeze	9180	4	OCoAzaBJZNz9T2eH
2	1	An Official World	5eb9c2e197d6cf4bc8c17c07	Ca_Marsh	20286	1	ffqxIE5IxC1FYod6
2	1	An Official World	68f2e3307b1dd2467d0fc0f5	Etterima	19856	2	ffqxIE5IxC1FYod6
2	1	An Official World	61f34541904c1e0001f465da	Comte	19845	3	ffqxIE5IxC1FYod6
3	1	An Official World	5eb9c2e197d6cf4bc8c17c07	Ca_Marsh	22104	1	QqFSRZyUkCkxzHLO
3	1	An Official World	68f2e3307b1dd2467d0fc0f5	Etterima	18932	2	QqFSRZyUkCkxzHLO
3	1	An Official World	61f34541904c1e0001f465da	Comte	17740	3	QqFSRZyUkCkxzHLO
3	1	An Official World	64836c81ad20f4a5e20f1cb9	Breeze	13446	4	QqFSRZyUkCkxzHLO
4	1	An Official World	61f34541904c1e0001f465da	Comte	23751	1	MTDaVBRV1WPuu4iK
4	1	An Official World	5eb9c2e197d6cf4bc8c17c07	Ca_Marsh	19437	2	MTDaVBRV1WPuu4iK
4	1	An Official World	68f2e3307b1dd2467d0fc0f5	Etterima	13238	3	MTDaVBRV1WPuu4iK
5	1	An Official World	61f34541904c1e0001f465da	Comte	23279	1	IUwjUGugmuNh5xpu
5	1	An Official World	5eb9c2e197d6cf4bc8c17c07	Ca_Marsh	21147	2	IUwjUGugmuNh5xpu
5	1	An Official World	68f2e3307b1dd2467d0fc0f5	Etterima	18029	3	IUwjUGugmuNh5xpu
6	1	An Official World	61f34541904c1e0001f465da	Comte	18391	1	l5oYoTOgQoxCUDER
6	1	An Official World	5eb9c2e197d6cf4bc8c17c07	Ca_Marsh	18111	2	l5oYoTOgQoxCUDER
6	1	An Official World	68f2e3307b1dd2467d0fc0f5	Etterima	13977	3	l5oYoTOgQoxCUDER
7	1	An Official World	68f2e3307b1dd2467d0fc0f5	Etterima	22617	1	Q5vGgVpUgIMkUR8f
7	1	An Official World	61f34541904c1e0001f465da	Comte	21664	2	Q5vGgVpUgIMkUR8f
7	1	An Official World	5eb9c2e197d6cf4bc8c17c07	Ca_Marsh	20899	3	Q5vGgVpUgIMkUR8f
7	1	An Official World	5e8fdfa9d51dd65c18f98403	Tbowfr	20277	4	Q5vGgVpUgIMkUR8f
8	1	An Official World	61f34541904c1e0001f465da	Comte	21068	1	RhukDn8C8TYU8jf3
8	1	An Official World	5eb9c2e197d6cf4bc8c17c07	Ca_Marsh	18621	2	RhukDn8C8TYU8jf3
8	1	An Official World	68f2e3307b1dd2467d0fc0f5	Etterima	17368	3	RhukDn8C8TYU8jf3
9	1	An Official World	61f34541904c1e0001f465da	Comte	23269	1	Y4D68Iw6vDyPhxyF
9	1	An Official World	68f2e3307b1dd2467d0fc0f5	Etterima	19052	2	Y4D68Iw6vDyPhxyF
9	1	An Official World	5e626d0512777c7a20431f1c	LordOozik	18941	3	Y4D68Iw6vDyPhxyF
9	1	An Official World	5eb9c2e197d6cf4bc8c17c07	Ca_Marsh	18304	4	Y4D68Iw6vDyPhxyF
9	1	An Official World	5e8fdfa9d51dd65c18f98403	Tbowfr	14121	5	Y4D68Iw6vDyPhxyF
10	1	An Official World	677485108d7eb43c58f713b3	Master__Of__Kitten	21712	1	8OGAykhuCA0OBuat
10	1	An Official World	61f34541904c1e0001f465da	Comte	20546	2	8OGAykhuCA0OBuat
10	1	An Official World	68f2e3307b1dd2467d0fc0f5	Etterima	20109	3	8OGAykhuCA0OBuat
10	1	An Official World	5e8fdfa9d51dd65c18f98403	Tbowfr	19208	4	8OGAykhuCA0OBuat
10	1	An Official World	5eb9c2e197d6cf4bc8c17c07	Ca_Marsh	17858	5	8OGAykhuCA0OBuat
10	1	An Official World	5e626d0512777c7a20431f1c	LordOozik	15676	6	8OGAykhuCA0OBuat
11	1	An Official World	61f34541904c1e0001f465da	Comte	20286	1	S5gT0BlV8z61KjQ4
11	1	An Official World	5eb9c2e197d6cf4bc8c17c07	Ca_Marsh	17920	2	S5gT0BlV8z61KjQ4
11	1	An Official World	677485108d7eb43c58f713b3	Master__Of__Kitten	15547	3	S5gT0BlV8z61KjQ4
11	1	An Official World	5e8fdfa9d51dd65c18f98403	Tbowfr	15511	4	S5gT0BlV8z61KjQ4
11	1	An Official World	68f2e3307b1dd2467d0fc0f5	Etterima	13176	5	S5gT0BlV8z61KjQ4
11	1	An Official World	5e626d0512777c7a20431f1c	LordOozik	9420	6	S5gT0BlV8z61KjQ4
12	1	An Official World	61f34541904c1e0001f465da	Comte	21281	1	2DFhMbqPd1hnkBVI
12	1	An Official World	677485108d7eb43c58f713b3	Master__Of__Kitten	20996	2	2DFhMbqPd1hnkBVI
12	1	An Official World	5eb9c2e197d6cf4bc8c17c07	Ca_Marsh	19445	3	2DFhMbqPd1hnkBVI
12	1	An Official World	5e626d0512777c7a20431f1c	LordOozik	19135	4	2DFhMbqPd1hnkBVI
12	1	An Official World	5e8fdfa9d51dd65c18f98403	Tbowfr	18831	5	2DFhMbqPd1hnkBVI
12	1	An Official World	55698b213a945ae35067f957	Spyder-	17048	6	2DFhMbqPd1hnkBVI
12	1	An Official World	68f2e3307b1dd2467d0fc0f5	Etterima	16746	7	2DFhMbqPd1hnkBVI
13	1	An Official World	677485108d7eb43c58f713b3	Master__Of__Kitten	23216	1	BQYgl7iLgb7BtFxL
13	1	An Official World	68f2e3307b1dd2467d0fc0f5	Etterima	22216	2	BQYgl7iLgb7BtFxL
13	1	An Official World	61f34541904c1e0001f465da	Comte	19375	3	BQYgl7iLgb7BtFxL
13	1	An Official World	5eb9c2e197d6cf4bc8c17c07	Ca_Marsh	17194	4	BQYgl7iLgb7BtFxL
13	1	An Official World	5e8fdfa9d51dd65c18f98403	Tbowfr	16533	5	BQYgl7iLgb7BtFxL
13	1	An Official World	5e626d0512777c7a20431f1c	LordOozik	11534	6	BQYgl7iLgb7BtFxL
14	1	An Official World	61f34541904c1e0001f465da	Comte	20276	1	6o6B8GuHDXPQm2iq
14	1	An Official World	5eb9c2e197d6cf4bc8c17c07	Ca_Marsh	18235	2	6o6B8GuHDXPQm2iq
14	1	An Official World	68f2e3307b1dd2467d0fc0f5	Etterima	17979	3	6o6B8GuHDXPQm2iq
14	1	An Official World	677485108d7eb43c58f713b3	Master__Of__Kitten	17549	4	6o6B8GuHDXPQm2iq
14	1	An Official World	66c34181c361d9f3b9a03d9b	OG	17548	5	6o6B8GuHDXPQm2iq
14	1	An Official World	5e626d0512777c7a20431f1c	LordOozik	15671	6	6o6B8GuHDXPQm2iq
14	1	An Official World	5e42bdaa1e34a041f065f7ce	Racacax 0	14683	7	6o6B8GuHDXPQm2iq
15	1	An Official World	61f34541904c1e0001f465da	Comte	22090	1	PIe7NwyU6yUpfScV
15	1	An Official World	677485108d7eb43c58f713b3	Master__Of__Kitten	20741	2	PIe7NwyU6yUpfScV
15	1	An Official World	5e42bdaa1e34a041f065f7ce	Racacax 0	18700	3	PIe7NwyU6yUpfScV
15	1	An Official World	5eb9c2e197d6cf4bc8c17c07	Ca_Marsh	17307	4	PIe7NwyU6yUpfScV
15	1	An Official World	68f2e3307b1dd2467d0fc0f5	Etterima	16879	5	PIe7NwyU6yUpfScV
15	1	An Official World	5e626d0512777c7a20431f1c	LordOozik	15143	6	PIe7NwyU6yUpfScV
15	1	An Official World	66c34181c361d9f3b9a03d9b	OG	14648	7	PIe7NwyU6yUpfScV
15	1	An Official World	5e8fdfa9d51dd65c18f98403	Tbowfr	9189	8	PIe7NwyU6yUpfScV
16	1	An Official World	61f34541904c1e0001f465da	Comte	22050	1	e5Yo1VwSOfoS7tyO
16	1	An Official World	677485108d7eb43c58f713b3	Master__Of__Kitten	21449	2	e5Yo1VwSOfoS7tyO
16	1	An Official World	5eb9c2e197d6cf4bc8c17c07	Ca_Marsh	21133	3	e5Yo1VwSOfoS7tyO
16	1	An Official World	68f2e3307b1dd2467d0fc0f5	Etterima	19918	4	e5Yo1VwSOfoS7tyO
16	1	An Official World	5e626d0512777c7a20431f1c	LordOozik	19116	5	e5Yo1VwSOfoS7tyO
16	1	An Official World	66c34181c361d9f3b9a03d9b	OG	17971	6	e5Yo1VwSOfoS7tyO
17	1	Chickens	5eb9c2e197d6cf4bc8c17c07	Ca_Marsh	16641	1	1RyO0Lb8ixJqIS3S
17	1	Chickens	5e626d0512777c7a20431f1c	LordOozik	15318	2	1RyO0Lb8ixJqIS3S
17	1	Chickens	61f34541904c1e0001f465da	Comte	15029	3	1RyO0Lb8ixJqIS3S
17	1	Chickens	66c34181c361d9f3b9a03d9b	OG	13668	4	1RyO0Lb8ixJqIS3S
17	1	Chickens	677485108d7eb43c58f713b3	Master__Of__Kitten	13551	5	1RyO0Lb8ixJqIS3S
17	1	Chickens	5e8fdfa9d51dd65c18f98403	Tbowfr	12965	6	1RyO0Lb8ixJqIS3S
17	1	Chickens	68f2e3307b1dd2467d0fc0f5	Etterima	10962	7	1RyO0Lb8ixJqIS3S
18	1	A Varied World	61f34541904c1e0001f465da	Comte	22160	1	mDZLmGxkdpoLsXJS
18	1	A Varied World	677485108d7eb43c58f713b3	Master__Of__Kitten	19461	2	mDZLmGxkdpoLsXJS
18	1	A Varied World	68f2e3307b1dd2467d0fc0f5	Etterima	16615	3	mDZLmGxkdpoLsXJS
18	1	A Varied World	66c34181c361d9f3b9a03d9b	OG	15342	4	mDZLmGxkdpoLsXJS
18	1	A Varied World	5e42bdaa1e34a041f065f7ce	Racacax 0	14834	5	mDZLmGxkdpoLsXJS
18	1	A Varied World	5eb9c2e197d6cf4bc8c17c07	Ca_Marsh	13924	6	mDZLmGxkdpoLsXJS
18	1	A Varied World	5e626d0512777c7a20431f1c	LordOozik	11750	7	mDZLmGxkdpoLsXJS
18	1	A Varied World	5e8fdfa9d51dd65c18f98403	Tbowfr	9757	8	mDZLmGxkdpoLsXJS
19	1	A Varied World	677485108d7eb43c58f713b3	Master__Of__Kitten	13691	1	RdPxCUxw8lli2Fgl
19	1	A Varied World	5e626d0512777c7a20431f1c	LordOozik	13589	2	RdPxCUxw8lli2Fgl
19	1	A Varied World	61f34541904c1e0001f465da	Comte	13000	3	RdPxCUxw8lli2Fgl
19	1	A Varied World	68f2e3307b1dd2467d0fc0f5	Etterima	12767	4	RdPxCUxw8lli2Fgl
19	1	A Varied World	5eb9c2e197d6cf4bc8c17c07	Ca_Marsh	12629	5	RdPxCUxw8lli2Fgl
19	1	A Varied World	66c34181c361d9f3b9a03d9b	OG	10993	6	RdPxCUxw8lli2Fgl
19	1	A Varied World	5e8fdfa9d51dd65c18f98403	Tbowfr	8494	7	RdPxCUxw8lli2Fgl
20	1	A Varied World	677485108d7eb43c58f713b3	Master__Of__Kitten	21434	2	fqIAi96Yp2v6PWfA
20	1	A Varied World	6419f1a43171971931581dd7	Grr Jackhammers	19601	3	fqIAi96Yp2v6PWfA
20	1	A Varied World	66c34181c361d9f3b9a03d9b	OG	16652	4	fqIAi96Yp2v6PWfA
20	1	A Varied World	5eb9c2e197d6cf4bc8c17c07	Ca_Marsh	15413	5	fqIAi96Yp2v6PWfA
20	1	A Varied World	5e8fdfa9d51dd65c18f98403	Tbowfr	13301	6	fqIAi96Yp2v6PWfA
20	1	A Varied World	61f34541904c1e0001f465da	Comte	13149	7	fqIAi96Yp2v6PWfA
20	1	A Varied World	5e866b87b3ec17798078a43b	Loan	12953	8	fqIAi96Yp2v6PWfA
20	1	A Varied World	5e626d0512777c7a20431f1c	LordOozik	11081	9	fqIAi96Yp2v6PWfA
20	1	A Varied World	68f2e3307b1dd2467d0fc0f5	Etterima	10952	10	fqIAi96Yp2v6PWfA
20	1	A Varied World	5e42bdaa1e34a041f065f7ce	Racacax 0	7859	11	fqIAi96Yp2v6PWfA
21	1	A Varied World	66c34181c361d9f3b9a03d9b	OG	14143	1	mn9yxEoVJfGzkj97
21	1	A Varied World	61f34541904c1e0001f465da	Comte	12562	2	mn9yxEoVJfGzkj97
21	1	A Varied World	5eb9c2e197d6cf4bc8c17c07	Ca_Marsh	11338	3	mn9yxEoVJfGzkj97
21	1	A Varied World	68f2e3307b1dd2467d0fc0f5	Etterima	11289	4	mn9yxEoVJfGzkj97
21	1	A Varied World	5e626d0512777c7a20431f1c	LordOozik	11083	5	mn9yxEoVJfGzkj97
21	1	A Varied World	677485108d7eb43c58f713b3	Master__Of__Kitten	9523	6	mn9yxEoVJfGzkj97
21	1	A Varied World	5e8fdfa9d51dd65c18f98403	Tbowfr	6067	7	mn9yxEoVJfGzkj97
22	1	A Varied World	677485108d7eb43c58f713b3	Master__Of__Kitten	15237	1	Rrl4vD8qcO6zDa9f
22	1	A Varied World	61f34541904c1e0001f465da	Comte	14441	2	Rrl4vD8qcO6zDa9f
22	1	A Varied World	5e8fdfa9d51dd65c18f98403	Tbowfr	11127	3	Rrl4vD8qcO6zDa9f
22	1	A Varied World	66c34181c361d9f3b9a03d9b	OG	10859	4	Rrl4vD8qcO6zDa9f
22	1	A Varied World	5eb9c2e197d6cf4bc8c17c07	Ca_Marsh	9394	5	Rrl4vD8qcO6zDa9f
22	1	A Varied World	68f2e3307b1dd2467d0fc0f5	Etterima	8495	6	Rrl4vD8qcO6zDa9f
22	1	A Varied World	5e626d0512777c7a20431f1c	LordOozik	6288	7	Rrl4vD8qcO6zDa9f
22	1	A Varied World	5e42bdaa1e34a041f065f7ce	Racacax 0	5790	8	Rrl4vD8qcO6zDa9f
23	1	A Varied World	677485108d7eb43c58f713b3	Master__Of__Kitten	16801	1	lx8XzkiKiDxg9SV1
23	1	A Varied World	61f34541904c1e0001f465da	Comte	11575	2	lx8XzkiKiDxg9SV1
23	1	A Varied World	66c34181c361d9f3b9a03d9b	OG	11127	3	lx8XzkiKiDxg9SV1
23	1	A Varied World	5eb9c2e197d6cf4bc8c17c07	Ca_Marsh	11100	4	lx8XzkiKiDxg9SV1
23	1	A Varied World	5e8fdfa9d51dd65c18f98403	Tbowfr	10573	5	lx8XzkiKiDxg9SV1
23	1	A Varied World	5e626d0512777c7a20431f1c	LordOozik	8600	6	lx8XzkiKiDxg9SV1
24	1	A Varied World	61f34541904c1e0001f465da	Comte	14885	1	GUtg8MEYAUTSlmHl
24	1	A Varied World	677485108d7eb43c58f713b3	Master__Of__Kitten	13635	2	GUtg8MEYAUTSlmHl
24	1	A Varied World	66c34181c361d9f3b9a03d9b	OG	13111	3	GUtg8MEYAUTSlmHl
24	1	A Varied World	5e626d0512777c7a20431f1c	LordOozik	11916	4	GUtg8MEYAUTSlmHl
24	1	A Varied World	64836c81ad20f4a5e20f1cb9	Breeze	11008	5	GUtg8MEYAUTSlmHl
24	1	A Varied World	5e8fdfa9d51dd65c18f98403	Tbowfr	10979	6	GUtg8MEYAUTSlmHl
24	1	A Varied World	5eb9c2e197d6cf4bc8c17c07	Ca_Marsh	9137	7	GUtg8MEYAUTSlmHl
24	1	A Varied World	68f2e3307b1dd2467d0fc0f5	Etterima	8542	8	GUtg8MEYAUTSlmHl
25	1	A Varied World	66c34181c361d9f3b9a03d9b	OG	21496	1	0INKeqnZ4MC2SW4Q
25	1	A Varied World	677485108d7eb43c58f713b3	Master__Of__Kitten	19548	2	0INKeqnZ4MC2SW4Q
25	1	A Varied World	61f34541904c1e0001f465da	Comte	15767	3	0INKeqnZ4MC2SW4Q
25	1	A Varied World	5e626d0512777c7a20431f1c	LordOozik	10621	4	0INKeqnZ4MC2SW4Q
25	1	A Varied World	5eb9c2e197d6cf4bc8c17c07	Ca_Marsh	9799	5	0INKeqnZ4MC2SW4Q
25	1	A Varied World	5e8fdfa9d51dd65c18f98403	Tbowfr	9403	6	0INKeqnZ4MC2SW4Q
25	1	A Varied World	68f2e3307b1dd2467d0fc0f5	Etterima	9200	7	0INKeqnZ4MC2SW4Q
26	1	A Varied World	68f2e3307b1dd2467d0fc0f5	Etterima	17644	1	qaCtd98zMeCTDB2j
26	1	A Varied World	5c56ee0598004eb1d8633f44	RUMME	16969	2	qaCtd98zMeCTDB2j
26	1	A Varied World	677485108d7eb43c58f713b3	Master__Of__Kitten	16091	3	qaCtd98zMeCTDB2j
26	1	A Varied World	5e626d0512777c7a20431f1c	LordOozik	15674	4	qaCtd98zMeCTDB2j
26	1	A Varied World	61f34541904c1e0001f465da	Comte	14712	5	qaCtd98zMeCTDB2j
26	1	A Varied World	66c34181c361d9f3b9a03d9b	OG	14203	6	qaCtd98zMeCTDB2j
26	1	A Varied World	5e8fdfa9d51dd65c18f98403	Tbowfr	14199	7	qaCtd98zMeCTDB2j
26	1	A Varied World	5eb9c2e197d6cf4bc8c17c07	Ca_Marsh	11900	8	qaCtd98zMeCTDB2j
27	1	A Varied World	61f34541904c1e0001f465da	Comte	18832	1	aNY4Ua1HbXlEhRiI
27	1	A Varied World	677485108d7eb43c58f713b3	Master__Of__Kitten	16054	2	aNY4Ua1HbXlEhRiI
27	1	A Varied World	5eb9c2e197d6cf4bc8c17c07	Ca_Marsh	14476	3	aNY4Ua1HbXlEhRiI
27	1	A Varied World	66c34181c361d9f3b9a03d9b	OG	12758	4	aNY4Ua1HbXlEhRiI
27	1	A Varied World	5e8fdfa9d51dd65c18f98403	Tbowfr	12530	5	aNY4Ua1HbXlEhRiI
27	1	A Varied World	5e626d0512777c7a20431f1c	LordOozik	7751	6	aNY4Ua1HbXlEhRiI
27	1	A Varied World	68f2e3307b1dd2467d0fc0f5	Etterima	6491	7	aNY4Ua1HbXlEhRiI
28	1	A Varied World	66c34181c361d9f3b9a03d9b	OG	17342	1	x8Kf735QVODqZ6jt
28	1	A Varied World	5e626d0512777c7a20431f1c	LordOozik	13682	2	x8Kf735QVODqZ6jt
28	1	A Varied World	61f34541904c1e0001f465da	Comte	11980	3	x8Kf735QVODqZ6jt
28	1	A Varied World	5e8fdfa9d51dd65c18f98403	Tbowfr	11555	4	x8Kf735QVODqZ6jt
28	1	A Varied World	64836c81ad20f4a5e20f1cb9	Breeze	11522	5	x8Kf735QVODqZ6jt
28	1	A Varied World	5eb9c2e197d6cf4bc8c17c07	Ca_Marsh	11037	6	x8Kf735QVODqZ6jt
28	1	A Varied World	68f2e3307b1dd2467d0fc0f5	Etterima	8870	7	x8Kf735QVODqZ6jt
29	1	A Varied World	61f34541904c1e0001f465da	Comte	16507	1	TRuisgihWkaKloGS
29	1	A Varied World	66c34181c361d9f3b9a03d9b	OG	16278	2	TRuisgihWkaKloGS
29	1	A Varied World	5eb9c2e197d6cf4bc8c17c07	Ca_Marsh	16266	3	TRuisgihWkaKloGS
29	1	A Varied World	5e626d0512777c7a20431f1c	LordOozik	16110	4	TRuisgihWkaKloGS
29	1	A Varied World	5e8fdfa9d51dd65c18f98403	Tbowfr	14412	5	TRuisgihWkaKloGS
29	1	A Varied World	68f2e3307b1dd2467d0fc0f5	Etterima	11467	6	TRuisgihWkaKloGS
30	1	A Varied World	677485108d7eb43c58f713b3	Master__Of__Kitten	15678	1	UNQ2MVsaClYdatBh
30	1	A Varied World	61f34541904c1e0001f465da	Comte	15189	2	UNQ2MVsaClYdatBh
30	1	A Varied World	66c34181c361d9f3b9a03d9b	OG	15186	3	UNQ2MVsaClYdatBh
30	1	A Varied World	68f2e3307b1dd2467d0fc0f5	Etterima	14796	4	UNQ2MVsaClYdatBh
30	1	A Varied World	5e8fdfa9d51dd65c18f98403	Tbowfr	12287	5	UNQ2MVsaClYdatBh
30	1	A Varied World	64836c81ad20f4a5e20f1cb9	Breeze	9651	6	UNQ2MVsaClYdatBh
30	1	A Varied World	5eb9c2e197d6cf4bc8c17c07	Ca_Marsh	8661	7	UNQ2MVsaClYdatBh
30	1	A Varied World	5e626d0512777c7a20431f1c	LordOozik	8486	8	UNQ2MVsaClYdatBh
31	1	A Varied World	66c34181c361d9f3b9a03d9b	OG	15560	1	nH97brje00I0PYHx
31	1	A Varied World	677485108d7eb43c58f713b3	Master__Of__Kitten	13034	2	nH97brje00I0PYHx
31	1	A Varied World	5eb9c2e197d6cf4bc8c17c07	Ca_Marsh	12242	3	nH97brje00I0PYHx
31	1	A Varied World	5e8fdfa9d51dd65c18f98403	Tbowfr	11989	4	nH97brje00I0PYHx
31	1	A Varied World	5e626d0512777c7a20431f1c	LordOozik	11205	5	nH97brje00I0PYHx
31	1	A Varied World	61f34541904c1e0001f465da	Comte	11021	6	nH97brje00I0PYHx
31	1	A Varied World	64836c81ad20f4a5e20f1cb9	Breeze	10503	7	nH97brje00I0PYHx
31	1	A Varied World	68f2e3307b1dd2467d0fc0f5	Etterima	8459	8	nH97brje00I0PYHx
32	1	A Varied World	677485108d7eb43c58f713b3	Master__Of__Kitten	16536	1	flyiwK3tkpWq9uuY
32	1	A Varied World	68f2e3307b1dd2467d0fc0f5	Etterima	12679	2	flyiwK3tkpWq9uuY
32	1	A Varied World	61f34541904c1e0001f465da	Comte	10212	3	flyiwK3tkpWq9uuY
32	1	A Varied World	5eb9c2e197d6cf4bc8c17c07	Ca_Marsh	9814	4	flyiwK3tkpWq9uuY
32	1	A Varied World	66c34181c361d9f3b9a03d9b	OG	8512	5	flyiwK3tkpWq9uuY
32	1	A Varied World	5e8fdfa9d51dd65c18f98403	Tbowfr	2932	6	flyiwK3tkpWq9uuY
32	1	A Varied World	5e626d0512777c7a20431f1c	LordOozik	2524	7	flyiwK3tkpWq9uuY
34	1	An Improved World	66c34181c361d9f3b9a03d9b	OG	19514	1	dWttXyfIPRDmvzhc
34	1	An Improved World	677485108d7eb43c58f713b3	Master__Of__Kitten	19441	2	dWttXyfIPRDmvzhc
34	1	An Improved World	64836c81ad20f4a5e20f1cb9	Breeze	17536	3	dWttXyfIPRDmvzhc
34	1	An Improved World	61f34541904c1e0001f465da	Comte	17447	4	dWttXyfIPRDmvzhc
34	1	An Improved World	68f2e3307b1dd2467d0fc0f5	Etterima	16385	5	dWttXyfIPRDmvzhc
34	1	An Improved World	5eb9c2e197d6cf4bc8c17c07	Ca_Marsh	15093	6	dWttXyfIPRDmvzhc
34	1	An Improved World	5e8fdfa9d51dd65c18f98403	Tbowfr	13501	7	dWttXyfIPRDmvzhc
34	1	An Improved World	5e626d0512777c7a20431f1c	LordOozik	11311	8	dWttXyfIPRDmvzhc
35	1	An Improved World	5eb9c2e197d6cf4bc8c17c07	Ca_Marsh	15938	1	adPqBCIs6EZomsu4
35	1	An Improved World	677485108d7eb43c58f713b3	Master__Of__Kitten	13912	2	adPqBCIs6EZomsu4
35	1	An Improved World	5e626d0512777c7a20431f1c	LordOozik	13029	3	adPqBCIs6EZomsu4
35	1	An Improved World	68f2e3307b1dd2467d0fc0f5	Etterima	12787	4	adPqBCIs6EZomsu4
35	1	An Improved World	5e8fdfa9d51dd65c18f98403	Tbowfr	12250	5	adPqBCIs6EZomsu4
35	1	An Improved World	61f34541904c1e0001f465da	Comte	11944	6	adPqBCIs6EZomsu4
35	1	An Improved World	66c34181c361d9f3b9a03d9b	OG	10465	7	adPqBCIs6EZomsu4
36	1	An Improved World	677485108d7eb43c58f713b3	Master__Of__Kitten	19374	1	XiJOxH2Z7mtVHCiN
36	1	An Improved World	66c34181c361d9f3b9a03d9b	OG	18861	2	XiJOxH2Z7mtVHCiN
36	1	An Improved World	5eb9c2e197d6cf4bc8c17c07	Ca_Marsh	17328	3	XiJOxH2Z7mtVHCiN
36	1	An Improved World	61f34541904c1e0001f465da	Comte	14838	4	XiJOxH2Z7mtVHCiN
36	1	An Improved World	5e8fdfa9d51dd65c18f98403	Tbowfr	14601	5	XiJOxH2Z7mtVHCiN
36	1	An Improved World	68f2e3307b1dd2467d0fc0f5	Etterima	12294	6	XiJOxH2Z7mtVHCiN
36	1	An Improved World	5e626d0512777c7a20431f1c	LordOozik	3197	7	XiJOxH2Z7mtVHCiN
36	1	An Improved World	64836c81ad20f4a5e20f1cb9	Breeze	3177	8	XiJOxH2Z7mtVHCiN
37	1	An Improved World	677485108d7eb43c58f713b3	Master__Of__Kitten	16122	1	SuZeN9jrIbK4kxHN
37	1	An Improved World	66c34181c361d9f3b9a03d9b	OG	16017	2	SuZeN9jrIbK4kxHN
37	1	An Improved World	61f34541904c1e0001f465da	Comte	15296	3	SuZeN9jrIbK4kxHN
37	1	An Improved World	5e8fdfa9d51dd65c18f98403	Tbowfr	15231	4	SuZeN9jrIbK4kxHN
37	1	An Improved World	5eb9c2e197d6cf4bc8c17c07	Ca_Marsh	13141	5	SuZeN9jrIbK4kxHN
37	1	An Improved World	5e626d0512777c7a20431f1c	LordOozik	11880	6	SuZeN9jrIbK4kxHN
38	1	An Improved World	677485108d7eb43c58f713b3	Master__Of__Kitten	16994	1	Z9sN2Z166C6ByHhk
38	1	An Improved World	61f34541904c1e0001f465da	Comte	16638	2	Z9sN2Z166C6ByHhk
38	1	An Improved World	66c34181c361d9f3b9a03d9b	OG	16020	3	Z9sN2Z166C6ByHhk
38	1	An Improved World	5e8fdfa9d51dd65c18f98403	Tbowfr	15682	4	Z9sN2Z166C6ByHhk
38	1	An Improved World	68f2e3307b1dd2467d0fc0f5	Etterima	13358	5	Z9sN2Z166C6ByHhk
38	1	An Improved World	5e626d0512777c7a20431f1c	LordOozik	11708	6	Z9sN2Z166C6ByHhk
38	1	An Improved World	5eb9c2e197d6cf4bc8c17c07	Ca_Marsh	9155	7	Z9sN2Z166C6ByHhk
39	1	An Improved World	5eb9c2e197d6cf4bc8c17c07	Ca_Marsh	20411	1	dpb98Ws1InZWFXOA
39	1	An Improved World	66c34181c361d9f3b9a03d9b	OG	16917	2	dpb98Ws1InZWFXOA
39	1	An Improved World	64836c81ad20f4a5e20f1cb9	Breeze	16323	3	dpb98Ws1InZWFXOA
39	1	An Improved World	677485108d7eb43c58f713b3	Master__Of__Kitten	16000	4	dpb98Ws1InZWFXOA
39	1	An Improved World	61f34541904c1e0001f465da	Comte	15849	5	dpb98Ws1InZWFXOA
39	1	An Improved World	5e626d0512777c7a20431f1c	LordOozik	12580	6	dpb98Ws1InZWFXOA
39	1	An Improved World	68f2e3307b1dd2467d0fc0f5	Etterima	11172	7	dpb98Ws1InZWFXOA
39	1	An Improved World	5e8fdfa9d51dd65c18f98403	Tbowfr	8818	8	dpb98Ws1InZWFXOA
40	1	An Improved World	677485108d7eb43c58f713b3	Master__Of__Kitten	21289	1	e7WHi695PX9rab22
40	1	An Improved World	68f2e3307b1dd2467d0fc0f5	Etterima	19679	2	e7WHi695PX9rab22
40	1	An Improved World	5e626d0512777c7a20431f1c	LordOozik	19316	3	e7WHi695PX9rab22
40	1	An Improved World	5e8fdfa9d51dd65c18f98403	Tbowfr	18953	4	e7WHi695PX9rab22
40	1	An Improved World	5eb9c2e197d6cf4bc8c17c07	Ca_Marsh	18513	5	e7WHi695PX9rab22
40	1	An Improved World	61f34541904c1e0001f465da	Comte	18227	6	e7WHi695PX9rab22
40	1	An Improved World	66c34181c361d9f3b9a03d9b	OG	14867	7	e7WHi695PX9rab22
40	1	An Improved World	64836c81ad20f4a5e20f1cb9	Breeze	14044	8	e7WHi695PX9rab22
41	1	An Improved World	61f34541904c1e0001f465da	Comte	20198	1	jen6qbnFim7YKHrd
41	1	An Improved World	677485108d7eb43c58f713b3	Master__Of__Kitten	17381	2	jen6qbnFim7YKHrd
41	1	An Improved World	5eb9c2e197d6cf4bc8c17c07	Ca_Marsh	15232	3	jen6qbnFim7YKHrd
41	1	An Improved World	64836c81ad20f4a5e20f1cb9	Breeze	13549	4	jen6qbnFim7YKHrd
41	1	An Improved World	5e8fdfa9d51dd65c18f98403	Tbowfr	11512	5	jen6qbnFim7YKHrd
41	1	An Improved World	66c34181c361d9f3b9a03d9b	OG	10257	6	jen6qbnFim7YKHrd
41	1	An Improved World	5e626d0512777c7a20431f1c	LordOozik	9013	7	jen6qbnFim7YKHrd
41	1	An Improved World	68f2e3307b1dd2467d0fc0f5	Etterima	8976	8	jen6qbnFim7YKHrd
42	1	An Improved World	5e8fdfa9d51dd65c18f98403	Tbowfr	20371	1	7Dbh5lMTg3OR9wvt
42	1	An Improved World	61f34541904c1e0001f465da	Comte	19299	2	7Dbh5lMTg3OR9wvt
42	1	An Improved World	5eb9c2e197d6cf4bc8c17c07	Ca_Marsh	18016	3	7Dbh5lMTg3OR9wvt
42	1	An Improved World	64836c81ad20f4a5e20f1cb9	Breeze	16260	4	7Dbh5lMTg3OR9wvt
42	1	An Improved World	66c34181c361d9f3b9a03d9b	OG	15717	5	7Dbh5lMTg3OR9wvt
42	1	An Improved World	677485108d7eb43c58f713b3	Master__Of__Kitten	15204	6	7Dbh5lMTg3OR9wvt
42	1	An Improved World	68f2e3307b1dd2467d0fc0f5	Etterima	14112	7	7Dbh5lMTg3OR9wvt
42	1	An Improved World	5e626d0512777c7a20431f1c	LordOozik	12444	8	7Dbh5lMTg3OR9wvt
43	1	An Improved World	61f34541904c1e0001f465da	Comte	22760	1	eBBCJqS11gj9VN91
43	1	An Improved World	66c34181c361d9f3b9a03d9b	OG	20724	2	eBBCJqS11gj9VN91
43	1	An Improved World	5eb9c2e197d6cf4bc8c17c07	Ca_Marsh	20179	3	eBBCJqS11gj9VN91
43	1	An Improved World	677485108d7eb43c58f713b3	Master__Of__Kitten	19975	4	eBBCJqS11gj9VN91
43	1	An Improved World	68f2e3307b1dd2467d0fc0f5	Etterima	16794	5	eBBCJqS11gj9VN91
43	1	An Improved World	5e8fdfa9d51dd65c18f98403	Tbowfr	10406	6	eBBCJqS11gj9VN91
43	1	An Improved World	5e626d0512777c7a20431f1c	LordOozik	6201	7	eBBCJqS11gj9VN91
43	1	An Improved World	64836c81ad20f4a5e20f1cb9	Breeze	4418	8	eBBCJqS11gj9VN91
44	1	An Improved World	677485108d7eb43c58f713b3	Master__Of__Kitten	15846	1	PYCtX1fE0aCkUfFn
44	1	An Improved World	5eb9c2e197d6cf4bc8c17c07	Ca_Marsh	13680	2	PYCtX1fE0aCkUfFn
44	1	An Improved World	61f34541904c1e0001f465da	Comte	13588	3	PYCtX1fE0aCkUfFn
44	1	An Improved World	5e8fdfa9d51dd65c18f98403	Tbowfr	12462	4	PYCtX1fE0aCkUfFn
44	1	An Improved World	68f2e3307b1dd2467d0fc0f5	Etterima	10344	5	PYCtX1fE0aCkUfFn
44	1	An Improved World	66c34181c361d9f3b9a03d9b	OG	8030	6	PYCtX1fE0aCkUfFn
44	1	An Improved World	5e626d0512777c7a20431f1c	LordOozik	2669	7	PYCtX1fE0aCkUfFn
45	1	An Improved World	66c34181c361d9f3b9a03d9b	OG	22085	1	zw0hcrk7iAAMfPTY
45	1	An Improved World	61f34541904c1e0001f465da	Comte	21474	2	zw0hcrk7iAAMfPTY
45	1	An Improved World	677485108d7eb43c58f713b3	Master__Of__Kitten	21434	3	zw0hcrk7iAAMfPTY
45	1	An Improved World	68f2e3307b1dd2467d0fc0f5	Etterima	19761	4	zw0hcrk7iAAMfPTY
45	1	An Improved World	5e8fdfa9d51dd65c18f98403	Tbowfr	19162	5	zw0hcrk7iAAMfPTY
45	1	An Improved World	5eb9c2e197d6cf4bc8c17c07	Ca_Marsh	16073	6	zw0hcrk7iAAMfPTY
45	1	An Improved World	64836c81ad20f4a5e20f1cb9	Breeze	15756	7	zw0hcrk7iAAMfPTY
45	1	An Improved World	5e626d0512777c7a20431f1c	LordOozik	15405	8	zw0hcrk7iAAMfPTY
46	1	An Improved World	61f34541904c1e0001f465da	Comte	22257	1	swuEHGFT8uzoBkTn
46	1	An Improved World	677485108d7eb43c58f713b3	Master__Of__Kitten	21101	2	swuEHGFT8uzoBkTn
46	1	An Improved World	66c34181c361d9f3b9a03d9b	OG	20532	3	swuEHGFT8uzoBkTn
46	1	An Improved World	68f2e3307b1dd2467d0fc0f5	Etterima	18266	4	swuEHGFT8uzoBkTn
46	1	An Improved World	5eb9c2e197d6cf4bc8c17c07	Ca_Marsh	17657	5	swuEHGFT8uzoBkTn
46	1	An Improved World	5e8fdfa9d51dd65c18f98403	Tbowfr	17315	6	swuEHGFT8uzoBkTn
46	1	An Improved World	64836c81ad20f4a5e20f1cb9	Breeze	16261	7	swuEHGFT8uzoBkTn
46	1	An Improved World	5e626d0512777c7a20431f1c	LordOozik	10451	8	swuEHGFT8uzoBkTn
47	1	An Improved World	66c34181c361d9f3b9a03d9b	OG	20844	1	B58nVn5yEQVsnEfG
47	1	An Improved World	61f34541904c1e0001f465da	Comte	18788	2	B58nVn5yEQVsnEfG
47	1	An Improved World	68f2e3307b1dd2467d0fc0f5	Etterima	18057	3	B58nVn5yEQVsnEfG
47	1	An Improved World	677485108d7eb43c58f713b3	Master__Of__Kitten	16607	4	B58nVn5yEQVsnEfG
47	1	An Improved World	64836c81ad20f4a5e20f1cb9	Breeze	15094	5	B58nVn5yEQVsnEfG
47	1	An Improved World	5eb9c2e197d6cf4bc8c17c07	Ca_Marsh	14028	6	B58nVn5yEQVsnEfG
47	1	An Improved World	5e8fdfa9d51dd65c18f98403	Tbowfr	11388	7	B58nVn5yEQVsnEfG
47	1	An Improved World	5e626d0512777c7a20431f1c	LordOozik	6504	8	B58nVn5yEQVsnEfG
33	1	An Improved World	677485108d7eb43c58f713b3	Master__Of__Kitten	16575	1	DBMv12FI4p3sMGUM
33	1	An Improved World	66c34181c361d9f3b9a03d9b	OG	16438	2	DBMv12FI4p3sMGUM
33	1	An Improved World	68f2e3307b1dd2467d0fc0f5	Etterima	16347	3	DBMv12FI4p3sMGUM
33	1	An Improved World	61f34541904c1e0001f465da	Comte	16255	4	DBMv12FI4p3sMGUM
33	1	An Improved World	5e8fdfa9d51dd65c18f98403	Tbowfr	13139	5	DBMv12FI4p3sMGUM
33	1	An Improved World	5eb9c2e197d6cf4bc8c17c07	Ca_Marsh	11912	6	DBMv12FI4p3sMGUM
33	1	An Improved World	5e626d0512777c7a20431f1c	LordOozik	10065	7	DBMv12FI4p3sMGUM
33	1	An Improved World	64836c81ad20f4a5e20f1cb9	Breeze	7468	8	DBMv12FI4p3sMGUM
49	1	AI Degenerated World	61f34541904c1e0001f465da	Comte	22816	1	aLW4o7Us5FQLHGD2
49	1	AI Degenerated World	5e8fdfa9d51dd65c18f98403	Tbowfr	22492	2	aLW4o7Us5FQLHGD2
49	1	AI Degenerated World	5e626d0512777c7a20431f1c	LordOozik	22218	3	aLW4o7Us5FQLHGD2
49	1	AI Degenerated World	66c34181c361d9f3b9a03d9b	OG	22033	4	aLW4o7Us5FQLHGD2
49	1	AI Degenerated World	677485108d7eb43c58f713b3	Master__Of__Kitten	21301	5	aLW4o7Us5FQLHGD2
49	1	AI Degenerated World	68f2e3307b1dd2467d0fc0f5	Etterima	20906	6	aLW4o7Us5FQLHGD2
49	1	AI Degenerated World	5eb9c2e197d6cf4bc8c17c07	Ca_Marsh	20885	7	aLW4o7Us5FQLHGD2
49	1	AI Degenerated World	64836c81ad20f4a5e20f1cb9	Breeze	18726	8	aLW4o7Us5FQLHGD2
50	1	AI Degenerated World	677485108d7eb43c58f713b3	Master__Of__Kitten	19381	1	eROUqif1O2XWf2bR
50	1	AI Degenerated World	5eb9c2e197d6cf4bc8c17c07	Ca_Marsh	17708	2	eROUqif1O2XWf2bR
50	1	AI Degenerated World	66c34181c361d9f3b9a03d9b	OG	17416	3	eROUqif1O2XWf2bR
50	1	AI Degenerated World	5e8fdfa9d51dd65c18f98403	Tbowfr	16748	4	eROUqif1O2XWf2bR
50	1	AI Degenerated World	64836c81ad20f4a5e20f1cb9	Breeze	13794	5	eROUqif1O2XWf2bR
50	1	AI Degenerated World	61f34541904c1e0001f465da	Comte	13404	6	eROUqif1O2XWf2bR
50	1	AI Degenerated World	5e626d0512777c7a20431f1c	LordOozik	7490	7	eROUqif1O2XWf2bR
51	1	AI Degenerated World	677485108d7eb43c58f713b3	Master__Of__Kitten	17424	1	Isko33mW3kVtOYzC
51	1	AI Degenerated World	61f34541904c1e0001f465da	Comte	16732	2	Isko33mW3kVtOYzC
51	1	AI Degenerated World	64836c81ad20f4a5e20f1cb9	Breeze	14179	3	Isko33mW3kVtOYzC
51	1	AI Degenerated World	68f2e3307b1dd2467d0fc0f5	Etterima	11912	4	Isko33mW3kVtOYzC
51	1	AI Degenerated World	5e8fdfa9d51dd65c18f98403	Tbowfr	10231	5	Isko33mW3kVtOYzC
51	1	AI Degenerated World	66c34181c361d9f3b9a03d9b	OG	9996	6	Isko33mW3kVtOYzC
51	1	AI Degenerated World	5e626d0512777c7a20431f1c	LordOozik	6912	7	Isko33mW3kVtOYzC
51	1	AI Degenerated World	5eb9c2e197d6cf4bc8c17c07	Ca_Marsh	3204	8	Isko33mW3kVtOYzC
52	1	AI Degenerated World	66c34181c361d9f3b9a03d9b	OG	18929	1	U48aIk1oDJMlhDyW
52	1	AI Degenerated World	61f34541904c1e0001f465da	Comte	18755	2	U48aIk1oDJMlhDyW
52	1	AI Degenerated World	677485108d7eb43c58f713b3	Master__Of__Kitten	17443	3	U48aIk1oDJMlhDyW
52	1	AI Degenerated World	64836c81ad20f4a5e20f1cb9	Breeze	15827	4	U48aIk1oDJMlhDyW
52	1	AI Degenerated World	68f2e3307b1dd2467d0fc0f5	Etterima	14528	5	U48aIk1oDJMlhDyW
52	1	AI Degenerated World	5eb9c2e197d6cf4bc8c17c07	Ca_Marsh	14378	6	U48aIk1oDJMlhDyW
52	1	AI Degenerated World	5e626d0512777c7a20431f1c	LordOozik	13803	7	U48aIk1oDJMlhDyW
52	1	AI Degenerated World	5e8fdfa9d51dd65c18f98403	Tbowfr	11789	8	U48aIk1oDJMlhDyW
53	1	AI Degenerated World	61f34541904c1e0001f465da	Comte	22844	1	2Y8IDk2V8V5J7vXi
53	1	AI Degenerated World	5eb9c2e197d6cf4bc8c17c07	Ca_Marsh	21802	2	2Y8IDk2V8V5J7vXi
53	1	AI Degenerated World	68f2e3307b1dd2467d0fc0f5	Etterima	17760	3	2Y8IDk2V8V5J7vXi
53	1	AI Degenerated World	66c34181c361d9f3b9a03d9b	OG	17728	4	2Y8IDk2V8V5J7vXi
53	1	AI Degenerated World	677485108d7eb43c58f713b3	Master__Of__Kitten	16935	5	2Y8IDk2V8V5J7vXi
53	1	AI Degenerated World	64836c81ad20f4a5e20f1cb9	Breeze	14679	6	2Y8IDk2V8V5J7vXi
53	1	AI Degenerated World	5e626d0512777c7a20431f1c	LordOozik	12533	7	2Y8IDk2V8V5J7vXi
53	1	AI Degenerated World	5e8fdfa9d51dd65c18f98403	Tbowfr	10422	8	2Y8IDk2V8V5J7vXi
54	1	AI Degenerated World	5eb9c2e197d6cf4bc8c17c07	Ca_Marsh	22264	1	w7CNW0vYobSJbpJh
54	1	AI Degenerated World	677485108d7eb43c58f713b3	Master__Of__Kitten	18183	2	w7CNW0vYobSJbpJh
54	1	AI Degenerated World	66c34181c361d9f3b9a03d9b	OG	16762	3	w7CNW0vYobSJbpJh
54	1	AI Degenerated World	68f2e3307b1dd2467d0fc0f5	Etterima	14941	4	w7CNW0vYobSJbpJh
54	1	AI Degenerated World	5e8fdfa9d51dd65c18f98403	Tbowfr	14503	5	w7CNW0vYobSJbpJh
54	1	AI Degenerated World	61f34541904c1e0001f465da	Comte	13527	6	w7CNW0vYobSJbpJh
54	1	AI Degenerated World	64836c81ad20f4a5e20f1cb9	Breeze	12201	7	w7CNW0vYobSJbpJh
54	1	AI Degenerated World	5e626d0512777c7a20431f1c	LordOozik	7264	8	w7CNW0vYobSJbpJh
55	1	AI Degenerated World	677485108d7eb43c58f713b3	Master__Of__Kitten	21664	1	nkeQXq48vVOCLhTt
55	1	AI Degenerated World	61f34541904c1e0001f465da	Comte	21048	2	nkeQXq48vVOCLhTt
55	1	AI Degenerated World	68f2e3307b1dd2467d0fc0f5	Etterima	20725	3	nkeQXq48vVOCLhTt
55	1	AI Degenerated World	5eb9c2e197d6cf4bc8c17c07	Ca_Marsh	16488	4	nkeQXq48vVOCLhTt
55	1	AI Degenerated World	5e8fdfa9d51dd65c18f98403	Tbowfr	16433	5	nkeQXq48vVOCLhTt
55	1	AI Degenerated World	5e626d0512777c7a20431f1c	LordOozik	16184	6	nkeQXq48vVOCLhTt
55	1	AI Degenerated World	66c34181c361d9f3b9a03d9b	OG	13376	7	nkeQXq48vVOCLhTt
56	1	AI Degenerated World	61f34541904c1e0001f465da	Comte	22013	1	OybuBaoUttfHZ8VX
56	1	AI Degenerated World	5eb9c2e197d6cf4bc8c17c07	Ca_Marsh	21956	2	OybuBaoUttfHZ8VX
56	1	AI Degenerated World	5e8fdfa9d51dd65c18f98403	Tbowfr	21470	3	OybuBaoUttfHZ8VX
56	1	AI Degenerated World	677485108d7eb43c58f713b3	Master__Of__Kitten	19423	4	OybuBaoUttfHZ8VX
56	1	AI Degenerated World	66c34181c361d9f3b9a03d9b	OG	19006	5	OybuBaoUttfHZ8VX
56	1	AI Degenerated World	68f2e3307b1dd2467d0fc0f5	Etterima	16669	6	OybuBaoUttfHZ8VX
56	1	AI Degenerated World	5e626d0512777c7a20431f1c	LordOozik	14944	7	OybuBaoUttfHZ8VX
57	1	AI Degenerated World	677485108d7eb43c58f713b3	Master__Of__Kitten	22321	1	059DJsivOZb62ymo
57	1	AI Degenerated World	61f34541904c1e0001f465da	Comte	21778	2	059DJsivOZb62ymo
57	1	AI Degenerated World	5eb9c2e197d6cf4bc8c17c07	Ca_Marsh	16298	3	059DJsivOZb62ymo
57	1	AI Degenerated World	5e8fdfa9d51dd65c18f98403	Tbowfr	16018	4	059DJsivOZb62ymo
57	1	AI Degenerated World	68f2e3307b1dd2467d0fc0f5	Etterima	15933	5	059DJsivOZb62ymo
57	1	AI Degenerated World	66c34181c361d9f3b9a03d9b	OG	13694	6	059DJsivOZb62ymo
57	1	AI Degenerated World	5e626d0512777c7a20431f1c	LordOozik	12866	7	059DJsivOZb62ymo
58	1	AI Degenerated World	66c34181c361d9f3b9a03d9b	OG	23763	1	Hb57lP2fV7bsHjcd
58	1	AI Degenerated World	677485108d7eb43c58f713b3	Master__Of__Kitten	23564	2	Hb57lP2fV7bsHjcd
58	1	AI Degenerated World	61f34541904c1e0001f465da	Comte	23284	3	Hb57lP2fV7bsHjcd
58	1	AI Degenerated World	5e8fdfa9d51dd65c18f98403	Tbowfr	20051	4	Hb57lP2fV7bsHjcd
58	1	AI Degenerated World	68b35047b844e7bdfaf0920f	WiljanGeo	14148	5	Hb57lP2fV7bsHjcd
58	1	AI Degenerated World	5e626d0512777c7a20431f1c	LordOozik	11876	6	Hb57lP2fV7bsHjcd
59	1	AI Degenerated World	61f34541904c1e0001f465da	Comte	21892	1	s0Xgm2IabVrhe757
59	1	AI Degenerated World	65183f23fa133d34a1c57ac1	Math56	20994	2	s0Xgm2IabVrhe757
59	1	AI Degenerated World	66c34181c361d9f3b9a03d9b	OG	19042	3	s0Xgm2IabVrhe757
59	1	AI Degenerated World	677485108d7eb43c58f713b3	Master__Of__Kitten	15202	4	s0Xgm2IabVrhe757
59	1	AI Degenerated World	5eb9c2e197d6cf4bc8c17c07	Ca_Marsh	11911	5	s0Xgm2IabVrhe757
59	1	AI Degenerated World	64836c81ad20f4a5e20f1cb9	Breeze	6670	6	s0Xgm2IabVrhe757
59	1	AI Degenerated World	5e626d0512777c7a20431f1c	LordOozik	5898	7	s0Xgm2IabVrhe757
59	1	AI Degenerated World	68eac942400d2ab1f3e0a6ed	TimDark777	3555	8	s0Xgm2IabVrhe757
59	1	AI Degenerated World	5e8fdfa9d51dd65c18f98403	Tbowfr	3492	9	s0Xgm2IabVrhe757
60	1	AI Degenerated World	61f34541904c1e0001f465da	Comte	21662	1	hE7MOAG2rnDNhEwu
60	1	AI Degenerated World	677485108d7eb43c58f713b3	Master__Of__Kitten	21440	2	hE7MOAG2rnDNhEwu
60	1	AI Degenerated World	68f2e3307b1dd2467d0fc0f5	Etterima	21156	3	hE7MOAG2rnDNhEwu
60	1	AI Degenerated World	5eb9c2e197d6cf4bc8c17c07	Ca_Marsh	20566	4	hE7MOAG2rnDNhEwu
60	1	AI Degenerated World	5e8fdfa9d51dd65c18f98403	Tbowfr	16576	5	hE7MOAG2rnDNhEwu
60	1	AI Degenerated World	66c34181c361d9f3b9a03d9b	OG	13970	6	hE7MOAG2rnDNhEwu
60	1	AI Degenerated World	5e626d0512777c7a20431f1c	LordOozik	12996	7	hE7MOAG2rnDNhEwu
60	1	AI Degenerated World	68eac942400d2ab1f3e0a6ed	TimDark777	12347	8	hE7MOAG2rnDNhEwu
60	1	AI Degenerated World	64836c81ad20f4a5e20f1cb9	Breeze	9008	9	hE7MOAG2rnDNhEwu
61	1	AI Degenerated World	677485108d7eb43c58f713b3	Master__Of__Kitten	20406	1	QTMzEGXG6cIchHYW
61	1	AI Degenerated World	61f34541904c1e0001f465da	Comte	19056	2	QTMzEGXG6cIchHYW
61	1	AI Degenerated World	5eb9c2e197d6cf4bc8c17c07	Ca_Marsh	17020	3	QTMzEGXG6cIchHYW
61	1	AI Degenerated World	68f2e3307b1dd2467d0fc0f5	Etterima	16514	4	QTMzEGXG6cIchHYW
61	1	AI Degenerated World	66c34181c361d9f3b9a03d9b	OG	15938	5	QTMzEGXG6cIchHYW
61	1	AI Degenerated World	5e8fdfa9d51dd65c18f98403	Tbowfr	14006	6	QTMzEGXG6cIchHYW
61	1	AI Degenerated World	68b35047b844e7bdfaf0920f	WiljanGeo	10828	7	QTMzEGXG6cIchHYW
61	1	AI Degenerated World	64836c81ad20f4a5e20f1cb9	Breeze	8750	8	QTMzEGXG6cIchHYW
61	1	AI Degenerated World	5e626d0512777c7a20431f1c	LordOozik	5352	9	QTMzEGXG6cIchHYW
61	1	AI Degenerated World	68eac942400d2ab1f3e0a6ed	TimDark777	1689	10	QTMzEGXG6cIchHYW
48	1	AI Degenerated World	61f34541904c1e0001f465da	Comte	18171	1	5uIcmcpA6HEn0AjC
48	1	AI Degenerated World	5eb9c2e197d6cf4bc8c17c07	Ca_Marsh	17952	2	5uIcmcpA6HEn0AjC
48	1	AI Degenerated World	677485108d7eb43c58f713b3	Master__Of__Kitten	15321	3	5uIcmcpA6HEn0AjC
48	1	AI Degenerated World	66c34181c361d9f3b9a03d9b	OG	15310	4	5uIcmcpA6HEn0AjC
48	1	AI Degenerated World	5e626d0512777c7a20431f1c	LordOozik	13925	5	5uIcmcpA6HEn0AjC
48	1	AI Degenerated World	64836c81ad20f4a5e20f1cb9	Breeze	12878	6	5uIcmcpA6HEn0AjC
48	1	AI Degenerated World	5e8fdfa9d51dd65c18f98403	Tbowfr	10924	7	5uIcmcpA6HEn0AjC
63	1	A Community World	5e626d0512777c7a20431f1c	LordOozik	18936	1	OmduEc9ExLaQLT1l
63	1	A Community World	66c34181c361d9f3b9a03d9b	OG	18461	2	OmduEc9ExLaQLT1l
63	1	A Community World	64836c81ad20f4a5e20f1cb9	Breeze	17974	3	OmduEc9ExLaQLT1l
63	1	A Community World	61f34541904c1e0001f465da	Comte	16361	4	OmduEc9ExLaQLT1l
63	1	A Community World	677485108d7eb43c58f713b3	Master__Of__Kitten	14402	5	OmduEc9ExLaQLT1l
63	1	A Community World	5e8fdfa9d51dd65c18f98403	Tbowfr	13881	6	OmduEc9ExLaQLT1l
63	1	A Community World	5eb9c2e197d6cf4bc8c17c07	Ca_Marsh	13637	7	OmduEc9ExLaQLT1l
63	1	A Community World	68f2e3307b1dd2467d0fc0f5	Etterima	13450	8	OmduEc9ExLaQLT1l
63	1	A Community World	68eac942400d2ab1f3e0a6ed	TimDark777	8184	9	OmduEc9ExLaQLT1l
64	1	A Community World	677485108d7eb43c58f713b3	Master__Of__Kitten	21017	1	ll9RJIyn7E4uCbBf
64	1	A Community World	66c34181c361d9f3b9a03d9b	OG	20413	2	ll9RJIyn7E4uCbBf
64	1	A Community World	61f34541904c1e0001f465da	Comte	18903	3	ll9RJIyn7E4uCbBf
64	1	A Community World	5e8fdfa9d51dd65c18f98403	Tbowfr	18151	4	ll9RJIyn7E4uCbBf
64	1	A Community World	68f2e3307b1dd2467d0fc0f5	Etterima	17303	5	ll9RJIyn7E4uCbBf
64	1	A Community World	5eb9c2e197d6cf4bc8c17c07	Ca_Marsh	12733	6	ll9RJIyn7E4uCbBf
64	1	A Community World	5e626d0512777c7a20431f1c	LordOozik	11644	7	ll9RJIyn7E4uCbBf
64	1	A Community World	68eac942400d2ab1f3e0a6ed	TimDark777	4991	8	ll9RJIyn7E4uCbBf
65	1	A Community World	61f34541904c1e0001f465da	Comte	22819	1	hiwIaYOWEYzExZc7
65	1	A Community World	66c34181c361d9f3b9a03d9b	OG	19971	2	hiwIaYOWEYzExZc7
65	1	A Community World	677485108d7eb43c58f713b3	Master__Of__Kitten	19822	3	hiwIaYOWEYzExZc7
65	1	A Community World	5eb9c2e197d6cf4bc8c17c07	Ca_Marsh	17936	4	hiwIaYOWEYzExZc7
65	1	A Community World	5e8fdfa9d51dd65c18f98403	Tbowfr	17503	5	hiwIaYOWEYzExZc7
65	1	A Community World	5e626d0512777c7a20431f1c	LordOozik	16833	6	hiwIaYOWEYzExZc7
65	1	A Community World	68eac942400d2ab1f3e0a6ed	TimDark777	16830	7	hiwIaYOWEYzExZc7
65	1	A Community World	68b35047b844e7bdfaf0920f	WiljanGeo	16408	8	hiwIaYOWEYzExZc7
66	1	A Community World	61f34541904c1e0001f465da	Comte	21438	1	cMODuWhrqJa02zwo
66	1	A Community World	66c34181c361d9f3b9a03d9b	OG	20991	2	cMODuWhrqJa02zwo
66	1	A Community World	5e626d0512777c7a20431f1c	LordOozik	18734	3	cMODuWhrqJa02zwo
66	1	A Community World	677485108d7eb43c58f713b3	Master__Of__Kitten	16903	4	cMODuWhrqJa02zwo
66	1	A Community World	5e8fdfa9d51dd65c18f98403	Tbowfr	16371	5	cMODuWhrqJa02zwo
66	1	A Community World	68eac942400d2ab1f3e0a6ed	TimDark777	14975	6	cMODuWhrqJa02zwo
66	1	A Community World	68f2e3307b1dd2467d0fc0f5	Etterima	14417	7	cMODuWhrqJa02zwo
66	1	A Community World	5eb9c2e197d6cf4bc8c17c07	Ca_Marsh	7813	8	cMODuWhrqJa02zwo
67	1	A Community World	66c34181c361d9f3b9a03d9b	OG	22264	1	qUA4H6G5ASeVBZ9p
67	1	A Community World	61f34541904c1e0001f465da	Comte	21220	2	qUA4H6G5ASeVBZ9p
67	1	A Community World	5e8fdfa9d51dd65c18f98403	Tbowfr	19738	3	qUA4H6G5ASeVBZ9p
67	1	A Community World	677485108d7eb43c58f713b3	Master__Of__Kitten	17754	4	qUA4H6G5ASeVBZ9p
67	1	A Community World	5eb9c2e197d6cf4bc8c17c07	Ca_Marsh	16434	5	qUA4H6G5ASeVBZ9p
67	1	A Community World	5e626d0512777c7a20431f1c	LordOozik	11505	6	qUA4H6G5ASeVBZ9p
67	1	A Community World	68f2e3307b1dd2467d0fc0f5	Etterima	10978	7	qUA4H6G5ASeVBZ9p
67	1	A Community World	68eac942400d2ab1f3e0a6ed	TimDark777	5695	8	qUA4H6G5ASeVBZ9p
68	1	A Community World	5e8fdfa9d51dd65c18f98403	Tbowfr	19951	1	b1RNdoPh1HSIVqdm
68	1	A Community World	66c34181c361d9f3b9a03d9b	OG	19895	2	b1RNdoPh1HSIVqdm
68	1	A Community World	68f2e3307b1dd2467d0fc0f5	Etterima	19257	3	b1RNdoPh1HSIVqdm
68	1	A Community World	61f34541904c1e0001f465da	Comte	17954	4	b1RNdoPh1HSIVqdm
68	1	A Community World	5eb9c2e197d6cf4bc8c17c07	Ca_Marsh	16153	5	b1RNdoPh1HSIVqdm
68	1	A Community World	5e626d0512777c7a20431f1c	LordOozik	10541	6	b1RNdoPh1HSIVqdm
68	1	A Community World	68eac942400d2ab1f3e0a6ed	TimDark777	9119	7	b1RNdoPh1HSIVqdm
69	1	A Community World	61f34541904c1e0001f465da	Comte	23036	1	YZ9gcCSnquePWUeq
69	1	A Community World	66c34181c361d9f3b9a03d9b	OG	20817	2	YZ9gcCSnquePWUeq
69	1	A Community World	68f2e3307b1dd2467d0fc0f5	Etterima	19513	3	YZ9gcCSnquePWUeq
69	1	A Community World	5eb9c2e197d6cf4bc8c17c07	Ca_Marsh	19251	4	YZ9gcCSnquePWUeq
69	1	A Community World	677485108d7eb43c58f713b3	Master__Of__Kitten	17079	5	YZ9gcCSnquePWUeq
69	1	A Community World	5e8fdfa9d51dd65c18f98403	Tbowfr	13921	6	YZ9gcCSnquePWUeq
69	1	A Community World	68eac942400d2ab1f3e0a6ed	TimDark777	13104	7	YZ9gcCSnquePWUeq
69	1	A Community World	5e626d0512777c7a20431f1c	LordOozik	9480	8	YZ9gcCSnquePWUeq
69	1	A Community World	64836c81ad20f4a5e20f1cb9	Breeze	5548	9	YZ9gcCSnquePWUeq
70	1	A Community World	61f34541904c1e0001f465da	Comte	21069	1	u3mAe2o71Yd6APCB
70	1	A Community World	677485108d7eb43c58f713b3	Master__Of__Kitten	20932	2	u3mAe2o71Yd6APCB
70	1	A Community World	5eb9c2e197d6cf4bc8c17c07	Ca_Marsh	20137	3	u3mAe2o71Yd6APCB
70	1	A Community World	66c34181c361d9f3b9a03d9b	OG	18282	4	u3mAe2o71Yd6APCB
70	1	A Community World	64836c81ad20f4a5e20f1cb9	Breeze	18075	5	u3mAe2o71Yd6APCB
70	1	A Community World	68f2e3307b1dd2467d0fc0f5	Etterima	16994	6	u3mAe2o71Yd6APCB
70	1	A Community World	5e626d0512777c7a20431f1c	LordOozik	16498	7	u3mAe2o71Yd6APCB
70	1	A Community World	68eac942400d2ab1f3e0a6ed	TimDark777	12883	8	u3mAe2o71Yd6APCB
71	1	A Community World	677485108d7eb43c58f713b3	Master__Of__Kitten	20562	1	kdinaMctnOnGrAUp
71	1	A Community World	63d29ada31674327ca09c658	TURKISH HAIRLINES	20296	2	kdinaMctnOnGrAUp
71	1	A Community World	68f2e3307b1dd2467d0fc0f5	Etterima	19804	3	kdinaMctnOnGrAUp
71	1	A Community World	5e8fdfa9d51dd65c18f98403	Tbowfr	18529	4	kdinaMctnOnGrAUp
71	1	A Community World	61f34541904c1e0001f465da	Comte	18503	5	kdinaMctnOnGrAUp
71	1	A Community World	66c34181c361d9f3b9a03d9b	OG	18203	6	kdinaMctnOnGrAUp
71	1	A Community World	5eb9c2e197d6cf4bc8c17c07	Ca_Marsh	17910	7	kdinaMctnOnGrAUp
71	1	A Community World	5e626d0512777c7a20431f1c	LordOozik	16542	8	kdinaMctnOnGrAUp
71	1	A Community World	68eac942400d2ab1f3e0a6ed	TimDark777	10887	9	kdinaMctnOnGrAUp
72	1	A Community World	66c34181c361d9f3b9a03d9b	OG	23587	1	Ds8gnOmndmQFxCHz
72	1	A Community World	68f2e3307b1dd2467d0fc0f5	Etterima	22570	2	Ds8gnOmndmQFxCHz
72	1	A Community World	61f34541904c1e0001f465da	Comte	20882	3	Ds8gnOmndmQFxCHz
72	1	A Community World	5e8fdfa9d51dd65c18f98403	Tbowfr	20734	4	Ds8gnOmndmQFxCHz
72	1	A Community World	677485108d7eb43c58f713b3	Master__Of__Kitten	20731	5	Ds8gnOmndmQFxCHz
72	1	A Community World	5e626d0512777c7a20431f1c	LordOozik	19186	6	Ds8gnOmndmQFxCHz
72	1	A Community World	5eb9c2e197d6cf4bc8c17c07	Ca_Marsh	18558	7	Ds8gnOmndmQFxCHz
73	1	A Community World	66c34181c361d9f3b9a03d9b	OG	22957	1	1xZlMJb9yvp7ItC9
73	1	A Community World	677485108d7eb43c58f713b3	Master__Of__Kitten	22887	2	1xZlMJb9yvp7ItC9
73	1	A Community World	61f34541904c1e0001f465da	Comte	22605	3	1xZlMJb9yvp7ItC9
73	1	A Community World	5e626d0512777c7a20431f1c	LordOozik	16075	4	1xZlMJb9yvp7ItC9
73	1	A Community World	5e8fdfa9d51dd65c18f98403	Tbowfr	13039	5	1xZlMJb9yvp7ItC9
74	1	A Community World	66c34181c361d9f3b9a03d9b	OG	22272	1	jJgop2hM7ZhhV7Fp
74	1	A Community World	677485108d7eb43c58f713b3	Master__Of__Kitten	21469	2	jJgop2hM7ZhhV7Fp
74	1	A Community World	61f34541904c1e0001f465da	Comte	19520	3	jJgop2hM7ZhhV7Fp
74	1	A Community World	5e626d0512777c7a20431f1c	LordOozik	18843	4	jJgop2hM7ZhhV7Fp
74	1	A Community World	5eb9c2e197d6cf4bc8c17c07	Ca_Marsh	17681	5	jJgop2hM7ZhhV7Fp
74	1	A Community World	5e8fdfa9d51dd65c18f98403	Tbowfr	14839	6	jJgop2hM7ZhhV7Fp
74	1	A Community World	68f2e3307b1dd2467d0fc0f5	Etterima	12795	7	jJgop2hM7ZhhV7Fp
75	1	A Community World	61f34541904c1e0001f465da	Comte	21999	1	nECNuix4obG4GNFH
75	1	A Community World	68f2e3307b1dd2467d0fc0f5	Etterima	17292	2	nECNuix4obG4GNFH
75	1	A Community World	5e626d0512777c7a20431f1c	LordOozik	16870	3	nECNuix4obG4GNFH
75	1	A Community World	5e8fdfa9d51dd65c18f98403	Tbowfr	16741	4	nECNuix4obG4GNFH
75	1	A Community World	5eb9c2e197d6cf4bc8c17c07	Ca_Marsh	15348	5	nECNuix4obG4GNFH
75	1	A Community World	66c34181c361d9f3b9a03d9b	OG	13733	6	nECNuix4obG4GNFH
75	1	A Community World	68eac942400d2ab1f3e0a6ed	TimDark777	4610	7	nECNuix4obG4GNFH
76	1	A Community World	677485108d7eb43c58f713b3	Master__Of__Kitten	22346	1	EMWjLN6nHNYHtTrO
76	1	A Community World	68f2e3307b1dd2467d0fc0f5	Etterima	21302	2	EMWjLN6nHNYHtTrO
76	1	A Community World	61f34541904c1e0001f465da	Comte	20712	3	EMWjLN6nHNYHtTrO
76	1	A Community World	66c34181c361d9f3b9a03d9b	OG	19543	4	EMWjLN6nHNYHtTrO
76	1	A Community World	5eb9c2e197d6cf4bc8c17c07	Ca_Marsh	18980	5	EMWjLN6nHNYHtTrO
76	1	A Community World	5e8fdfa9d51dd65c18f98403	Tbowfr	14377	6	EMWjLN6nHNYHtTrO
76	1	A Community World	5e626d0512777c7a20431f1c	LordOozik	10361	7	EMWjLN6nHNYHtTrO
77	1	A Community World	66c34181c361d9f3b9a03d9b	OG	23143	1	t5sY9lNUdVI4uHWi
77	1	A Community World	61f34541904c1e0001f465da	Comte	22752	2	t5sY9lNUdVI4uHWi
77	1	A Community World	68f2e3307b1dd2467d0fc0f5	Etterima	21514	3	t5sY9lNUdVI4uHWi
77	1	A Community World	5e8fdfa9d51dd65c18f98403	Tbowfr	21388	4	t5sY9lNUdVI4uHWi
77	1	A Community World	677485108d7eb43c58f713b3	Master__Of__Kitten	19903	5	t5sY9lNUdVI4uHWi
77	1	A Community World	5eb9c2e197d6cf4bc8c17c07	Ca_Marsh	18818	6	t5sY9lNUdVI4uHWi
77	1	A Community World	5e626d0512777c7a20431f1c	LordOozik	13396	7	t5sY9lNUdVI4uHWi
78	1	An Arbitrary World	61f34541904c1e0001f465da	Comte	20343	1	aRDpe8fm2vcVVa2Q
78	1	An Arbitrary World	68a1c4c2244e5345de5f6095	👀	18812	2	aRDpe8fm2vcVVa2Q
78	1	An Arbitrary World	66c34181c361d9f3b9a03d9b	OG	17261	3	aRDpe8fm2vcVVa2Q
78	1	An Arbitrary World	68f2e3307b1dd2467d0fc0f5	Etterima	16315	4	aRDpe8fm2vcVVa2Q
78	1	An Arbitrary World	5eb9c2e197d6cf4bc8c17c07	Ca_Marsh	14858	5	aRDpe8fm2vcVVa2Q
78	1	An Arbitrary World	5e8fdfa9d51dd65c18f98403	Tbowfr	11620	6	aRDpe8fm2vcVVa2Q
78	1	An Arbitrary World	5e626d0512777c7a20431f1c	LordOozik	6871	7	aRDpe8fm2vcVVa2Q
79	1	Oops! All IKEA	61f34541904c1e0001f465da	Comte	22233	1	UtDpq6m86ty22H6Z
79	1	Oops! All IKEA	5eb9c2e197d6cf4bc8c17c07	Ca_Marsh	20977	2	UtDpq6m86ty22H6Z
79	1	Oops! All IKEA	66c34181c361d9f3b9a03d9b	OG	20913	3	UtDpq6m86ty22H6Z
79	1	Oops! All IKEA	5e8fdfa9d51dd65c18f98403	Tbowfr	20269	4	UtDpq6m86ty22H6Z
79	1	Oops! All IKEA	5e626d0512777c7a20431f1c	LordOozik	19260	5	UtDpq6m86ty22H6Z
79	1	Oops! All IKEA	677485108d7eb43c58f713b3	Master__Of__Kitten	17684	6	UtDpq6m86ty22H6Z
79	1	Oops! All IKEA	68b35047b844e7bdfaf0920f	WiljanGeo	13560	7	UtDpq6m86ty22H6Z
79	1	Oops! All IKEA	68f2e3307b1dd2467d0fc0f5	Etterima	12412	8	UtDpq6m86ty22H6Z
80	1	An Arbitrary World	5eb9c2e197d6cf4bc8c17c07	Ca_Marsh	20174	1	jLH0M3JcfkdevSw8
80	1	An Arbitrary World	61f34541904c1e0001f465da	Comte	20136	2	jLH0M3JcfkdevSw8
80	1	An Arbitrary World	677485108d7eb43c58f713b3	Master__Of__Kitten	19700	3	jLH0M3JcfkdevSw8
80	1	An Arbitrary World	66c34181c361d9f3b9a03d9b	OG	16882	4	jLH0M3JcfkdevSw8
80	1	An Arbitrary World	68f2e3307b1dd2467d0fc0f5	Etterima	16062	5	jLH0M3JcfkdevSw8
80	1	An Arbitrary World	5e8fdfa9d51dd65c18f98403	Tbowfr	14367	6	jLH0M3JcfkdevSw8
80	1	An Arbitrary World	5e626d0512777c7a20431f1c	LordOozik	13894	7	jLH0M3JcfkdevSw8
81	1	An Arbitrary World	677485108d7eb43c58f713b3	Master__Of__Kitten	20353	1	YaK76bpODlqvj8wh
81	1	An Arbitrary World	5eb9c2e197d6cf4bc8c17c07	Ca_Marsh	19524	2	YaK76bpODlqvj8wh
81	1	An Arbitrary World	5e8fdfa9d51dd65c18f98403	Tbowfr	17837	3	YaK76bpODlqvj8wh
81	1	An Arbitrary World	66c34181c361d9f3b9a03d9b	OG	16988	4	YaK76bpODlqvj8wh
81	1	An Arbitrary World	61f34541904c1e0001f465da	Comte	16154	5	YaK76bpODlqvj8wh
81	1	An Arbitrary World	68f2e3307b1dd2467d0fc0f5	Etterima	14619	6	YaK76bpODlqvj8wh
81	1	An Arbitrary World	5e626d0512777c7a20431f1c	LordOozik	13446	7	YaK76bpODlqvj8wh
82	1	An Arbitrary World	677485108d7eb43c58f713b3	Master__Of__Kitten	21062	1	IKk78inzghWDoNsp
82	1	An Arbitrary World	66c34181c361d9f3b9a03d9b	OG	20797	2	IKk78inzghWDoNsp
82	1	An Arbitrary World	61f34541904c1e0001f465da	Comte	17820	3	IKk78inzghWDoNsp
82	1	An Arbitrary World	68f2e3307b1dd2467d0fc0f5	Etterima	17053	4	IKk78inzghWDoNsp
82	1	An Arbitrary World	5eb9c2e197d6cf4bc8c17c07	Ca_Marsh	16375	5	IKk78inzghWDoNsp
82	1	An Arbitrary World	5939b1a652e6ca6c8c15864c	Kolesto65	10315	6	IKk78inzghWDoNsp
82	1	An Arbitrary World	5e626d0512777c7a20431f1c	LordOozik	8691	7	IKk78inzghWDoNsp
82	1	An Arbitrary World	5e8fdfa9d51dd65c18f98403	Tbowfr	7006	8	IKk78inzghWDoNsp
82	1	An Arbitrary World	68eac942400d2ab1f3e0a6ed	TimDark777	4019	9	IKk78inzghWDoNsp
83	1	An Arbitrary World	61f34541904c1e0001f465da	Comte	18821	1	UDm8nQ0T9BQ6yyAq
83	1	An Arbitrary World	677485108d7eb43c58f713b3	Master__Of__Kitten	17508	2	UDm8nQ0T9BQ6yyAq
83	1	An Arbitrary World	5e626d0512777c7a20431f1c	LordOozik	15815	3	UDm8nQ0T9BQ6yyAq
83	1	An Arbitrary World	66c34181c361d9f3b9a03d9b	OG	15510	4	UDm8nQ0T9BQ6yyAq
83	1	An Arbitrary World	5e8fdfa9d51dd65c18f98403	Tbowfr	15311	5	UDm8nQ0T9BQ6yyAq
83	1	An Arbitrary World	68f2e3307b1dd2467d0fc0f5	Etterima	14750	6	UDm8nQ0T9BQ6yyAq
83	1	An Arbitrary World	5eb9c2e197d6cf4bc8c17c07	Ca_Marsh	14362	7	UDm8nQ0T9BQ6yyAq
83	1	An Arbitrary World	5939b1a652e6ca6c8c15864c	Kolesto65	10811	8	UDm8nQ0T9BQ6yyAq
84	1	An Arbitrary World	66c34181c361d9f3b9a03d9b	OG	21849	1	rmBi5UiVjbn7OPPZ
84	1	An Arbitrary World	677485108d7eb43c58f713b3	Master__Of__Kitten	21250	2	rmBi5UiVjbn7OPPZ
84	1	An Arbitrary World	68f2e3307b1dd2467d0fc0f5	Etterima	20536	3	rmBi5UiVjbn7OPPZ
84	1	An Arbitrary World	5939b1a652e6ca6c8c15864c	Kolesto65	20164	4	rmBi5UiVjbn7OPPZ
84	1	An Arbitrary World	61f34541904c1e0001f465da	Comte	17447	5	rmBi5UiVjbn7OPPZ
84	1	An Arbitrary World	5e626d0512777c7a20431f1c	LordOozik	15977	6	rmBi5UiVjbn7OPPZ
84	1	An Arbitrary World	5eb9c2e197d6cf4bc8c17c07	Ca_Marsh	14135	7	rmBi5UiVjbn7OPPZ
84	1	An Arbitrary World	5e8fdfa9d51dd65c18f98403	Tbowfr	8759	8	rmBi5UiVjbn7OPPZ
85	1	An Arbitrary World	61f34541904c1e0001f465da	Comte	24160	1	hKmhWD05JwAVkBps
85	1	An Arbitrary World	5eb9c2e197d6cf4bc8c17c07	Ca_Marsh	22886	2	hKmhWD05JwAVkBps
85	1	An Arbitrary World	677485108d7eb43c58f713b3	Master__Of__Kitten	22871	3	hKmhWD05JwAVkBps
85	1	An Arbitrary World	66c34181c361d9f3b9a03d9b	OG	21763	4	hKmhWD05JwAVkBps
85	1	An Arbitrary World	5e8fdfa9d51dd65c18f98403	Tbowfr	21208	5	hKmhWD05JwAVkBps
85	1	An Arbitrary World	5939b1a652e6ca6c8c15864c	Kolesto65	20339	6	hKmhWD05JwAVkBps
85	1	An Arbitrary World	68f2e3307b1dd2467d0fc0f5	Etterima	19204	7	hKmhWD05JwAVkBps
85	1	An Arbitrary World	5e626d0512777c7a20431f1c	LordOozik	15043	8	hKmhWD05JwAVkBps
86	1	An Arbitrary World	677485108d7eb43c58f713b3	Master__Of__Kitten	20431	1	iqgNtPf7etltGjii
86	1	An Arbitrary World	5e626d0512777c7a20431f1c	LordOozik	16612	2	iqgNtPf7etltGjii
86	1	An Arbitrary World	5e8fdfa9d51dd65c18f98403	Tbowfr	16045	3	iqgNtPf7etltGjii
86	1	An Arbitrary World	61f34541904c1e0001f465da	Comte	14783	4	iqgNtPf7etltGjii
86	1	An Arbitrary World	66c34181c361d9f3b9a03d9b	OG	14263	5	iqgNtPf7etltGjii
86	1	An Arbitrary World	5eb9c2e197d6cf4bc8c17c07	Ca_Marsh	10974	6	iqgNtPf7etltGjii
87	1	An Arbitrary World	5eb9c2e197d6cf4bc8c17c07	Ca_Marsh	15158	1	7QrxqJTPRuiFBM6A
87	1	An Arbitrary World	677485108d7eb43c58f713b3	Master__Of__Kitten	15093	2	7QrxqJTPRuiFBM6A
87	1	An Arbitrary World	5e8fdfa9d51dd65c18f98403	Tbowfr	14728	3	7QrxqJTPRuiFBM6A
87	1	An Arbitrary World	61f34541904c1e0001f465da	Comte	14651	4	7QrxqJTPRuiFBM6A
87	1	An Arbitrary World	5e626d0512777c7a20431f1c	LordOozik	12900	5	7QrxqJTPRuiFBM6A
87	1	An Arbitrary World	66c34181c361d9f3b9a03d9b	OG	12165	6	7QrxqJTPRuiFBM6A
88	1	An Arbitrary World	677485108d7eb43c58f713b3	Master__Of__Kitten	18351	1	OF55votqX1MWnEQt
88	1	An Arbitrary World	5e8fdfa9d51dd65c18f98403	Tbowfr	18156	2	OF55votqX1MWnEQt
88	1	An Arbitrary World	5e626d0512777c7a20431f1c	LordOozik	16788	3	OF55votqX1MWnEQt
88	1	An Arbitrary World	5eb9c2e197d6cf4bc8c17c07	Ca_Marsh	16436	4	OF55votqX1MWnEQt
88	1	An Arbitrary World	61f34541904c1e0001f465da	Comte	14028	5	OF55votqX1MWnEQt
88	1	An Arbitrary World	68f2e3307b1dd2467d0fc0f5	Etterima	13580	6	OF55votqX1MWnEQt
88	1	An Arbitrary World	66c34181c361d9f3b9a03d9b	OG	11139	7	OF55votqX1MWnEQt
89	1	An Arbitrary World	677485108d7eb43c58f713b3	Master__Of__Kitten	22277	1	GfjoO8tMNrI1HBUH
89	1	An Arbitrary World	5eb9c2e197d6cf4bc8c17c07	Ca_Marsh	20510	2	GfjoO8tMNrI1HBUH
89	1	An Arbitrary World	66c34181c361d9f3b9a03d9b	OG	20126	3	GfjoO8tMNrI1HBUH
89	1	An Arbitrary World	61f34541904c1e0001f465da	Comte	19509	4	GfjoO8tMNrI1HBUH
89	1	An Arbitrary World	68f2e3307b1dd2467d0fc0f5	Etterima	18590	5	GfjoO8tMNrI1HBUH
89	1	An Arbitrary World	5e8fdfa9d51dd65c18f98403	Tbowfr	12377	6	GfjoO8tMNrI1HBUH
89	1	An Arbitrary World	5e626d0512777c7a20431f1c	LordOozik	9822	7	GfjoO8tMNrI1HBUH
90	1	An Arbitrary World	66c34181c361d9f3b9a03d9b	OG	21783	1	B7V76e3TyueUagbz
90	1	An Arbitrary World	5e626d0512777c7a20431f1c	LordOozik	18956	2	B7V76e3TyueUagbz
90	1	An Arbitrary World	677485108d7eb43c58f713b3	Master__Of__Kitten	17546	3	B7V76e3TyueUagbz
90	1	An Arbitrary World	61f34541904c1e0001f465da	Comte	16959	4	B7V76e3TyueUagbz
90	1	An Arbitrary World	5eb9c2e197d6cf4bc8c17c07	Ca_Marsh	15276	5	B7V76e3TyueUagbz
90	1	An Arbitrary World	68f2e3307b1dd2467d0fc0f5	Etterima	12992	6	B7V76e3TyueUagbz
90	1	An Arbitrary World	5e8fdfa9d51dd65c18f98403	Tbowfr	7116	7	B7V76e3TyueUagbz
91	1	An Arbitrary World	68f2e3307b1dd2467d0fc0f5	Etterima	22506	1	VU57dvdH1u6cysnu
91	1	An Arbitrary World	61f34541904c1e0001f465da	Comte	22107	2	VU57dvdH1u6cysnu
91	1	An Arbitrary World	5eb9c2e197d6cf4bc8c17c07	Ca_Marsh	21781	3	VU57dvdH1u6cysnu
91	1	An Arbitrary World	5e8fdfa9d51dd65c18f98403	Tbowfr	20339	4	VU57dvdH1u6cysnu
91	1	An Arbitrary World	66c34181c361d9f3b9a03d9b	OG	18790	5	VU57dvdH1u6cysnu
91	1	An Arbitrary World	5e626d0512777c7a20431f1c	LordOozik	17115	6	VU57dvdH1u6cysnu
92	1	An Arbitrary World	5e8fdfa9d51dd65c18f98403	Tbowfr	18815	1	LjcjkO01sR8PsNQj
92	1	An Arbitrary World	68f2e3307b1dd2467d0fc0f5	Etterima	18690	2	LjcjkO01sR8PsNQj
92	1	An Arbitrary World	5eb9c2e197d6cf4bc8c17c07	Ca_Marsh	17345	3	LjcjkO01sR8PsNQj
92	1	An Arbitrary World	61f34541904c1e0001f465da	Comte	15845	4	LjcjkO01sR8PsNQj
92	1	An Arbitrary World	66c34181c361d9f3b9a03d9b	OG	14522	5	LjcjkO01sR8PsNQj
92	1	An Arbitrary World	5e626d0512777c7a20431f1c	LordOozik	12093	6	LjcjkO01sR8PsNQj
93	1	An Arbitrary World	61f34541904c1e0001f465da	Comte	22575	1	VUkoUVOjTMtIAhQn
93	1	An Arbitrary World	66c34181c361d9f3b9a03d9b	OG	19954	2	VUkoUVOjTMtIAhQn
93	1	An Arbitrary World	677485108d7eb43c58f713b3	Master__Of__Kitten	19400	3	VUkoUVOjTMtIAhQn
93	1	An Arbitrary World	5e8fdfa9d51dd65c18f98403	Tbowfr	19283	4	VUkoUVOjTMtIAhQn
93	1	An Arbitrary World	5e626d0512777c7a20431f1c	LordOozik	17580	5	VUkoUVOjTMtIAhQn
93	1	An Arbitrary World	5eb9c2e197d6cf4bc8c17c07	Ca_Marsh	15212	6	VUkoUVOjTMtIAhQn
1	2	I Like Trains 🚂	61f34541904c1e0001f465da	Comte	22117	1	bsaABjZCHT0Ggbib
1	2	I Like Trains 🚂	5e626d0512777c7a20431f1c	LordOozik	20375	2	bsaABjZCHT0Ggbib
1	2	I Like Trains 🚂	677485108d7eb43c58f713b3	Master__Of__Kitten	20192	3	bsaABjZCHT0Ggbib
1	2	I Like Trains 🚂	5eb9c2e197d6cf4bc8c17c07	Ca_Marsh	18492	4	bsaABjZCHT0Ggbib
1	2	I Like Trains 🚂	68f2e3307b1dd2467d0fc0f5	Etterima	18111	5	bsaABjZCHT0Ggbib
1	2	I Like Trains 🚂	66c34181c361d9f3b9a03d9b	OG	16662	6	bsaABjZCHT0Ggbib
1	2	I Like Trains 🚂	5e8fdfa9d51dd65c18f98403	Tbowfr	15730	7	bsaABjZCHT0Ggbib
1	2	I Like Trains 🚂	5ff05f773362e400014987cc	Grosseberta	14062	8	bsaABjZCHT0Ggbib
1	2	I Like Trains 🚂	6a3839a3df701fea476ff5b0	Siddy	13036	9	bsaABjZCHT0Ggbib
2	2	\t\t\t\t\t\tA Cat World	6140b47f0a3a920001f0031e	BluebSON 😭😭😭😭	22018	1	c9Z1qRHmibODSbI2
2	2	\t\t\t\t\t\tA Cat World	677485108d7eb43c58f713b3	Master__Of__Kitten	22002	2	c9Z1qRHmibODSbI2
2	2	\t\t\t\t\t\tA Cat World	5e8fdfa9d51dd65c18f98403	Tbowfr	21865	3	c9Z1qRHmibODSbI2
2	2	\t\t\t\t\t\tA Cat World	5eb9c2e197d6cf4bc8c17c07	Ca_Marsh	20690	4	c9Z1qRHmibODSbI2
2	2	\t\t\t\t\t\tA Cat World	61f34541904c1e0001f465da	Comte	20218	5	c9Z1qRHmibODSbI2
2	2	\t\t\t\t\t\tA Cat World	66c34181c361d9f3b9a03d9b	OG	19793	6	c9Z1qRHmibODSbI2
2	2	\t\t\t\t\t\tA Cat World	68f2e3307b1dd2467d0fc0f5	Etterima	15751	7	c9Z1qRHmibODSbI2
2	2	\t\t\t\t\t\tA Cat World	5ff05f773362e400014987cc	Grosseberta	15353	8	c9Z1qRHmibODSbI2
2	2	\t\t\t\t\t\tA Cat World	5f01fa27ff3f0057a023d688	MaxTheBaguette	14885	9	c9Z1qRHmibODSbI2
2	2	\t\t\t\t\t\tA Cat World	5e626d0512777c7a20431f1c	LordOozik	14191	10	c9Z1qRHmibODSbI2
3	2	An Official World	677485108d7eb43c58f713b3	Master__Of__Kitten	19231	1	k8vO08YXA0GHEIXd
3	2	An Official World	66c34181c361d9f3b9a03d9b	OG	19127	2	k8vO08YXA0GHEIXd
3	2	An Official World	5ff05f773362e400014987cc	Grosseberta	19043	3	k8vO08YXA0GHEIXd
3	2	An Official World	61f34541904c1e0001f465da	Comte	18270	4	k8vO08YXA0GHEIXd
3	2	An Official World	68f2e3307b1dd2467d0fc0f5	Etterima	18129	5	k8vO08YXA0GHEIXd
3	2	An Official World	5e8fdfa9d51dd65c18f98403	Tbowfr	15933	6	k8vO08YXA0GHEIXd
3	2	An Official World	5eb9c2e197d6cf4bc8c17c07	Ca_Marsh	14022	7	k8vO08YXA0GHEIXd
3	2	An Official World	5e626d0512777c7a20431f1c	LordOozik	13457	8	k8vO08YXA0GHEIXd
3	2	An Official World	5f01fa27ff3f0057a023d688	MaxTheBaguette	10931	9	k8vO08YXA0GHEIXd
4	2	An Official World	61f34541904c1e0001f465da	Comte	22515	1	DhGN55AP3ysPoZ4n
4	2	An Official World	677485108d7eb43c58f713b3	Master__Of__Kitten	21256	2	DhGN55AP3ysPoZ4n
4	2	An Official World	66c34181c361d9f3b9a03d9b	OG	20153	3	DhGN55AP3ysPoZ4n
4	2	An Official World	5eb9c2e197d6cf4bc8c17c07	Ca_Marsh	19998	4	DhGN55AP3ysPoZ4n
4	2	An Official World	68f2e3307b1dd2467d0fc0f5	Etterima	17971	5	DhGN55AP3ysPoZ4n
4	2	An Official World	5e8fdfa9d51dd65c18f98403	Tbowfr	12780	6	DhGN55AP3ysPoZ4n
4	2	An Official World	5f01fa27ff3f0057a023d688	MaxTheBaguette	11454	7	DhGN55AP3ysPoZ4n
4	2	An Official World	5ff05f773362e400014987cc	Grosseberta	10811	8	DhGN55AP3ysPoZ4n
4	2	An Official World	5e626d0512777c7a20431f1c	LordOozik	9524	9	DhGN55AP3ysPoZ4n
5	2	An Official World	677485108d7eb43c58f713b3	Master__Of__Kitten	17962	1	KaOHdEoy7Sy6je8g
5	2	An Official World	5e8fdfa9d51dd65c18f98403	Tbowfr	16363	2	KaOHdEoy7Sy6je8g
5	2	An Official World	5eb9c2e197d6cf4bc8c17c07	Ca_Marsh	16050	3	KaOHdEoy7Sy6je8g
5	2	An Official World	66c34181c361d9f3b9a03d9b	OG	15862	4	KaOHdEoy7Sy6je8g
5	2	An Official World	68f2e3307b1dd2467d0fc0f5	Etterima	12969	5	KaOHdEoy7Sy6je8g
5	2	An Official World	5e626d0512777c7a20431f1c	LordOozik	12956	6	KaOHdEoy7Sy6je8g
5	2	An Official World	61f34541904c1e0001f465da	Comte	12763	7	KaOHdEoy7Sy6je8g
5	2	An Official World	5f01fa27ff3f0057a023d688	MaxTheBaguette	11790	8	KaOHdEoy7Sy6je8g
5	2	An Official World	5ff05f773362e400014987cc	Grosseberta	6748	9	KaOHdEoy7Sy6je8g
6	2	An Official World	677485108d7eb43c58f713b3	Master__Of__Kitten	21792	1	Dy9u1rEIAdwPLpI8
6	2	An Official World	5e8fdfa9d51dd65c18f98403	Tbowfr	21662	2	Dy9u1rEIAdwPLpI8
6	2	An Official World	61f34541904c1e0001f465da	Comte	19405	3	Dy9u1rEIAdwPLpI8
6	2	An Official World	66c34181c361d9f3b9a03d9b	OG	17392	4	Dy9u1rEIAdwPLpI8
6	2	An Official World	68f2e3307b1dd2467d0fc0f5	Etterima	16797	5	Dy9u1rEIAdwPLpI8
6	2	An Official World	5f01fa27ff3f0057a023d688	MaxTheBaguette	16157	6	Dy9u1rEIAdwPLpI8
6	2	An Official World	68b35047b844e7bdfaf0920f	WiljanGeo	15858	7	Dy9u1rEIAdwPLpI8
6	2	An Official World	5ff05f773362e400014987cc	Grosseberta	12581	8	Dy9u1rEIAdwPLpI8
6	2	An Official World	5e626d0512777c7a20431f1c	LordOozik	12169	9	Dy9u1rEIAdwPLpI8
7	2	An Official World	61f34541904c1e0001f465da	Comte	21277	1	TWfyygMCTkgi988C
7	2	An Official World	66c34181c361d9f3b9a03d9b	OG	16669	2	TWfyygMCTkgi988C
7	2	An Official World	68f2e3307b1dd2467d0fc0f5	Etterima	16537	3	TWfyygMCTkgi988C
7	2	An Official World	5eb9c2e197d6cf4bc8c17c07	Ca_Marsh	16425	4	TWfyygMCTkgi988C
7	2	An Official World	5e8fdfa9d51dd65c18f98403	Tbowfr	15057	5	TWfyygMCTkgi988C
7	2	An Official World	677485108d7eb43c58f713b3	Master__Of__Kitten	14544	6	TWfyygMCTkgi988C
7	2	An Official World	5e626d0512777c7a20431f1c	LordOozik	13542	7	TWfyygMCTkgi988C
7	2	An Official World	5f01fa27ff3f0057a023d688	MaxTheBaguette	10807	8	TWfyygMCTkgi988C
8	2	An Official World	61f34541904c1e0001f465da	Comte	18879	1	RHtKQw0YdLVg1GbI
8	2	An Official World	677485108d7eb43c58f713b3	Master__Of__Kitten	18501	2	RHtKQw0YdLVg1GbI
8	2	An Official World	5eb9c2e197d6cf4bc8c17c07	Ca_Marsh	17646	3	RHtKQw0YdLVg1GbI
8	2	An Official World	66c34181c361d9f3b9a03d9b	OG	17144	4	RHtKQw0YdLVg1GbI
8	2	An Official World	68f2e3307b1dd2467d0fc0f5	Etterima	15529	5	RHtKQw0YdLVg1GbI
8	2	An Official World	5ff05f773362e400014987cc	Grosseberta	13613	6	RHtKQw0YdLVg1GbI
8	2	An Official World	5e8fdfa9d51dd65c18f98403	Tbowfr	11888	7	RHtKQw0YdLVg1GbI
8	2	An Official World	5e626d0512777c7a20431f1c	LordOozik	6454	8	RHtKQw0YdLVg1GbI
8	2	An Official World	5f01fa27ff3f0057a023d688	MaxTheBaguette	5084	9	RHtKQw0YdLVg1GbI
9	2	An Official World	66c34181c361d9f3b9a03d9b	OG	20411	1	jMzuqU9COFPMavxw
9	2	An Official World	61f34541904c1e0001f465da	Comte	19935	2	jMzuqU9COFPMavxw
9	2	An Official World	5f01fa27ff3f0057a023d688	MaxTheBaguette	19066	3	jMzuqU9COFPMavxw
9	2	An Official World	5eb9c2e197d6cf4bc8c17c07	Ca_Marsh	18873	4	jMzuqU9COFPMavxw
9	2	An Official World	677485108d7eb43c58f713b3	Master__Of__Kitten	17124	5	jMzuqU9COFPMavxw
9	2	An Official World	5e8fdfa9d51dd65c18f98403	Tbowfr	15320	6	jMzuqU9COFPMavxw
9	2	An Official World	5ff05f773362e400014987cc	Grosseberta	15256	7	jMzuqU9COFPMavxw
9	2	An Official World	68f2e3307b1dd2467d0fc0f5	Etterima	12623	8	jMzuqU9COFPMavxw
9	2	An Official World	5e626d0512777c7a20431f1c	LordOozik	12232	9	jMzuqU9COFPMavxw
10	2	An Official World	66c34181c361d9f3b9a03d9b	OG	19722	1	wPrC6kuL5rbJ2Wkz
10	2	An Official World	61f34541904c1e0001f465da	Comte	19237	2	wPrC6kuL5rbJ2Wkz
10	2	An Official World	5e8fdfa9d51dd65c18f98403	Tbowfr	18837	3	wPrC6kuL5rbJ2Wkz
10	2	An Official World	5eb9c2e197d6cf4bc8c17c07	Ca_Marsh	17839	4	wPrC6kuL5rbJ2Wkz
10	2	An Official World	5e626d0512777c7a20431f1c	LordOozik	17601	5	wPrC6kuL5rbJ2Wkz
10	2	An Official World	68f2e3307b1dd2467d0fc0f5	Etterima	17277	6	wPrC6kuL5rbJ2Wkz
10	2	An Official World	677485108d7eb43c58f713b3	Master__Of__Kitten	16323	7	wPrC6kuL5rbJ2Wkz
10	2	An Official World	5f01fa27ff3f0057a023d688	MaxTheBaguette	15227	8	wPrC6kuL5rbJ2Wkz
10	2	An Official World	5ff05f773362e400014987cc	Grosseberta	14822	9	wPrC6kuL5rbJ2Wkz
11	2	An Official World	68f2e3307b1dd2467d0fc0f5	Etterima	20026	1	G0VjRvVmtDb2j2tx
11	2	An Official World	5ff05f773362e400014987cc	Grosseberta	19697	2	G0VjRvVmtDb2j2tx
11	2	An Official World	66c34181c361d9f3b9a03d9b	OG	19557	3	G0VjRvVmtDb2j2tx
11	2	An Official World	677485108d7eb43c58f713b3	Master__Of__Kitten	17494	4	G0VjRvVmtDb2j2tx
11	2	An Official World	5e626d0512777c7a20431f1c	LordOozik	16005	5	G0VjRvVmtDb2j2tx
11	2	An Official World	5f01fa27ff3f0057a023d688	MaxTheBaguette	15272	6	G0VjRvVmtDb2j2tx
11	2	An Official World	5e8fdfa9d51dd65c18f98403	Tbowfr	14544	7	G0VjRvVmtDb2j2tx
11	2	An Official World	5eb9c2e197d6cf4bc8c17c07	Ca_Marsh	14177	8	G0VjRvVmtDb2j2tx
11	2	An Official World	61f34541904c1e0001f465da	Comte	14149	9	G0VjRvVmtDb2j2tx
12	2	An Official World	677485108d7eb43c58f713b3	Master__Of__Kitten	20579	1	4x2PEcj08QMhmZQX
12	2	An Official World	66c34181c361d9f3b9a03d9b	OG	16039	2	4x2PEcj08QMhmZQX
12	2	An Official World	61f34541904c1e0001f465da	Comte	15472	3	4x2PEcj08QMhmZQX
12	2	An Official World	68f2e3307b1dd2467d0fc0f5	Etterima	14911	4	4x2PEcj08QMhmZQX
12	2	An Official World	5eb9c2e197d6cf4bc8c17c07	Ca_Marsh	14883	5	4x2PEcj08QMhmZQX
12	2	An Official World	5e626d0512777c7a20431f1c	LordOozik	12755	6	4x2PEcj08QMhmZQX
12	2	An Official World	5f01fa27ff3f0057a023d688	MaxTheBaguette	12285	7	4x2PEcj08QMhmZQX
12	2	An Official World	5e8fdfa9d51dd65c18f98403	Tbowfr	10553	8	4x2PEcj08QMhmZQX
12	2	An Official World	5ff05f773362e400014987cc	Grosseberta	5442	9	4x2PEcj08QMhmZQX
13	2	An Official World	61f34541904c1e0001f465da	Comte	18570	1	zXEXTHAgOAegYMZA
13	2	An Official World	677485108d7eb43c58f713b3	Master__Of__Kitten	18207	2	zXEXTHAgOAegYMZA
13	2	An Official World	5eb9c2e197d6cf4bc8c17c07	Ca_Marsh	16229	3	zXEXTHAgOAegYMZA
13	2	An Official World	68f2e3307b1dd2467d0fc0f5	Etterima	15646	4	zXEXTHAgOAegYMZA
13	2	An Official World	66c34181c361d9f3b9a03d9b	OG	15097	5	zXEXTHAgOAegYMZA
13	2	An Official World	5e8fdfa9d51dd65c18f98403	Tbowfr	14479	6	zXEXTHAgOAegYMZA
13	2	An Official World	5f01fa27ff3f0057a023d688	MaxTheBaguette	12524	7	zXEXTHAgOAegYMZA
13	2	An Official World	5e626d0512777c7a20431f1c	LordOozik	11951	8	zXEXTHAgOAegYMZA
14	2	An Official World	66c34181c361d9f3b9a03d9b	OG	21745	1	gNTfUoMY204jDhIc
14	2	An Official World	61f34541904c1e0001f465da	Comte	20976	2	gNTfUoMY204jDhIc
14	2	An Official World	677485108d7eb43c58f713b3	Master__Of__Kitten	19580	3	gNTfUoMY204jDhIc
14	2	An Official World	68f2e3307b1dd2467d0fc0f5	Etterima	18943	4	gNTfUoMY204jDhIc
14	2	An Official World	5eb9c2e197d6cf4bc8c17c07	Ca_Marsh	18207	5	gNTfUoMY204jDhIc
14	2	An Official World	5e626d0512777c7a20431f1c	LordOozik	14011	6	gNTfUoMY204jDhIc
14	2	An Official World	5f01fa27ff3f0057a023d688	MaxTheBaguette	11379	7	gNTfUoMY204jDhIc
15	2	An Official World	61f34541904c1e0001f465da	Comte	20461	1	G0JPrfuLusKomoUC
15	2	An Official World	677485108d7eb43c58f713b3	Master__Of__Kitten	19827	2	G0JPrfuLusKomoUC
15	2	An Official World	66c34181c361d9f3b9a03d9b	OG	18473	3	G0JPrfuLusKomoUC
15	2	An Official World	5e626d0512777c7a20431f1c	LordOozik	18452	4	G0JPrfuLusKomoUC
15	2	An Official World	68f2e3307b1dd2467d0fc0f5	Etterima	16244	5	G0JPrfuLusKomoUC
15	2	An Official World	5eb9c2e197d6cf4bc8c17c07	Ca_Marsh	16241	6	G0JPrfuLusKomoUC
15	2	An Official World	5e8fdfa9d51dd65c18f98403	Tbowfr	16063	7	G0JPrfuLusKomoUC
15	2	An Official World	5f01fa27ff3f0057a023d688	MaxTheBaguette	13394	8	G0JPrfuLusKomoUC
16	2	An Official World	66c34181c361d9f3b9a03d9b	OG	22411	1	CJrOqGR5Rl8gb6by
16	2	An Official World	5e8fdfa9d51dd65c18f98403	Tbowfr	20595	2	CJrOqGR5Rl8gb6by
16	2	An Official World	677485108d7eb43c58f713b3	Master__Of__Kitten	19131	3	CJrOqGR5Rl8gb6by
16	2	An Official World	68f2e3307b1dd2467d0fc0f5	Etterima	18288	4	CJrOqGR5Rl8gb6by
16	2	An Official World	5eb9c2e197d6cf4bc8c17c07	Ca_Marsh	18076	5	CJrOqGR5Rl8gb6by
16	2	An Official World	5e626d0512777c7a20431f1c	LordOozik	17547	6	CJrOqGR5Rl8gb6by
16	2	An Official World	5f01fa27ff3f0057a023d688	MaxTheBaguette	14750	7	CJrOqGR5Rl8gb6by
16	2	An Official World	61f34541904c1e0001f465da	Comte	13638	8	CJrOqGR5Rl8gb6by
17	2	An Official World	61f34541904c1e0001f465da	Comte	23917	1	xUD5f7XROyYuMRJz
17	2	An Official World	677485108d7eb43c58f713b3	Master__Of__Kitten	21378	2	xUD5f7XROyYuMRJz
17	2	An Official World	578537ed813a4f2fccb9bb44	Bomby	19594	3	xUD5f7XROyYuMRJz
17	2	An Official World	5eb9c2e197d6cf4bc8c17c07	Ca_Marsh	19471	4	xUD5f7XROyYuMRJz
17	2	An Official World	5f01fa27ff3f0057a023d688	MaxTheBaguette	17785	5	xUD5f7XROyYuMRJz
17	2	An Official World	68f2e3307b1dd2467d0fc0f5	Etterima	17590	6	xUD5f7XROyYuMRJz
17	2	An Official World	66c34181c361d9f3b9a03d9b	OG	17512	7	xUD5f7XROyYuMRJz
17	2	An Official World	5e8fdfa9d51dd65c18f98403	Tbowfr	14113	8	xUD5f7XROyYuMRJz
17	2	An Official World	5e626d0512777c7a20431f1c	LordOozik	13042	9	xUD5f7XROyYuMRJz
18	2	An Improved World	61f34541904c1e0001f465da	Comte	20344	1	Ukv5cBnG0AZEH9eK
18	2	An Improved World	68f2e3307b1dd2467d0fc0f5	Etterima	19946	2	Ukv5cBnG0AZEH9eK
18	2	An Improved World	5f01fa27ff3f0057a023d688	MaxTheBaguette	18339	3	Ukv5cBnG0AZEH9eK
18	2	An Improved World	5eb9c2e197d6cf4bc8c17c07	Ca_Marsh	17364	4	Ukv5cBnG0AZEH9eK
18	2	An Improved World	677485108d7eb43c58f713b3	Master__Of__Kitten	17146	5	Ukv5cBnG0AZEH9eK
18	2	An Improved World	5e626d0512777c7a20431f1c	LordOozik	15842	6	Ukv5cBnG0AZEH9eK
18	2	An Improved World	5e8fdfa9d51dd65c18f98403	Tbowfr	15304	7	Ukv5cBnG0AZEH9eK
18	2	An Improved World	66c34181c361d9f3b9a03d9b	OG	13469	8	Ukv5cBnG0AZEH9eK
19	2	An Improved World	677485108d7eb43c58f713b3	Master__Of__Kitten	19015	1	TLXVe7HG60bxf6x5
19	2	An Improved World	66c34181c361d9f3b9a03d9b	OG	17841	2	TLXVe7HG60bxf6x5
19	2	An Improved World	5e626d0512777c7a20431f1c	LordOozik	12697	3	TLXVe7HG60bxf6x5
19	2	An Improved World	61f34541904c1e0001f465da	Comte	12582	4	TLXVe7HG60bxf6x5
19	2	An Improved World	5eb9c2e197d6cf4bc8c17c07	Ca_Marsh	11307	5	TLXVe7HG60bxf6x5
19	2	An Improved World	5f01fa27ff3f0057a023d688	MaxTheBaguette	8786	6	TLXVe7HG60bxf6x5
19	2	An Improved World	5e8fdfa9d51dd65c18f98403	Tbowfr	8348	7	TLXVe7HG60bxf6x5
20	2	An Improved World	5e626d0512777c7a20431f1c	LordOozik	20960	1	cKmP6olTBR7O0KbZ
20	2	An Improved World	5f01fa27ff3f0057a023d688	MaxTheBaguette	20743	2	cKmP6olTBR7O0KbZ
20	2	An Improved World	677485108d7eb43c58f713b3	Master__Of__Kitten	19778	3	cKmP6olTBR7O0KbZ
20	2	An Improved World	5eb9c2e197d6cf4bc8c17c07	Ca_Marsh	18503	4	cKmP6olTBR7O0KbZ
20	2	An Improved World	5e8fdfa9d51dd65c18f98403	Tbowfr	18033	5	cKmP6olTBR7O0KbZ
20	2	An Improved World	68f2e3307b1dd2467d0fc0f5	Etterima	17415	6	cKmP6olTBR7O0KbZ
20	2	An Improved World	66c34181c361d9f3b9a03d9b	OG	17250	7	cKmP6olTBR7O0KbZ
20	2	An Improved World	61f34541904c1e0001f465da	Comte	16541	8	cKmP6olTBR7O0KbZ
21	2	An Improved World	68f2e3307b1dd2467d0fc0f5	Etterima	15883	1	79g0OS0k302Vd52N
21	2	An Improved World	5eb9c2e197d6cf4bc8c17c07	Ca_Marsh	14396	2	79g0OS0k302Vd52N
21	2	An Improved World	66c34181c361d9f3b9a03d9b	OG	12860	3	79g0OS0k302Vd52N
21	2	An Improved World	5f01fa27ff3f0057a023d688	MaxTheBaguette	11075	4	79g0OS0k302Vd52N
21	2	An Improved World	5e8fdfa9d51dd65c18f98403	Tbowfr	10882	5	79g0OS0k302Vd52N
21	2	An Improved World	677485108d7eb43c58f713b3	Master__Of__Kitten	10679	6	79g0OS0k302Vd52N
21	2	An Improved World	61f34541904c1e0001f465da	Comte	10336	7	79g0OS0k302Vd52N
21	2	An Improved World	68b35047b844e7bdfaf0920f	WiljanGeo	9767	8	79g0OS0k302Vd52N
21	2	An Improved World	5e626d0512777c7a20431f1c	LordOozik	5396	9	79g0OS0k302Vd52N
22	2	An Improved World	677485108d7eb43c58f713b3	Master__Of__Kitten	17467	1	QdM3vKCZEDRvxLbY
22	2	An Improved World	5f01fa27ff3f0057a023d688	MaxTheBaguette	14528	2	QdM3vKCZEDRvxLbY
22	2	An Improved World	61f34541904c1e0001f465da	Comte	13638	3	QdM3vKCZEDRvxLbY
22	2	An Improved World	5e8fdfa9d51dd65c18f98403	Tbowfr	13625	4	QdM3vKCZEDRvxLbY
22	2	An Improved World	66c34181c361d9f3b9a03d9b	OG	11760	5	QdM3vKCZEDRvxLbY
22	2	An Improved World	5eb9c2e197d6cf4bc8c17c07	Ca_Marsh	11373	6	QdM3vKCZEDRvxLbY
22	2	An Improved World	68f2e3307b1dd2467d0fc0f5	Etterima	10895	7	QdM3vKCZEDRvxLbY
22	2	An Improved World	5e626d0512777c7a20431f1c	LordOozik	10657	8	QdM3vKCZEDRvxLbY
23	2	An Improved World	677485108d7eb43c58f713b3	Master__Of__Kitten	20862	1	eWqZWTl0NejW72WS
23	2	An Improved World	66c34181c361d9f3b9a03d9b	OG	19163	2	eWqZWTl0NejW72WS
23	2	An Improved World	5e8fdfa9d51dd65c18f98403	Tbowfr	19090	3	eWqZWTl0NejW72WS
23	2	An Improved World	5eb9c2e197d6cf4bc8c17c07	Ca_Marsh	18326	4	eWqZWTl0NejW72WS
23	2	An Improved World	5f01fa27ff3f0057a023d688	MaxTheBaguette	18305	5	eWqZWTl0NejW72WS
23	2	An Improved World	61f34541904c1e0001f465da	Comte	18149	6	eWqZWTl0NejW72WS
23	2	An Improved World	68f2e3307b1dd2467d0fc0f5	Etterima	15099	7	eWqZWTl0NejW72WS
23	2	An Improved World	5e626d0512777c7a20431f1c	LordOozik	14442	8	eWqZWTl0NejW72WS
24	2	An Improved World	677485108d7eb43c58f713b3	Master__Of__Kitten	16104	1	xSrKmLVxtIiRKIRS
24	2	An Improved World	66c34181c361d9f3b9a03d9b	OG	15294	2	xSrKmLVxtIiRKIRS
24	2	An Improved World	5e626d0512777c7a20431f1c	LordOozik	14781	3	xSrKmLVxtIiRKIRS
24	2	An Improved World	61f34541904c1e0001f465da	Comte	14648	4	xSrKmLVxtIiRKIRS
24	2	An Improved World	5eb9c2e197d6cf4bc8c17c07	Ca_Marsh	13066	5	xSrKmLVxtIiRKIRS
24	2	An Improved World	5f01fa27ff3f0057a023d688	MaxTheBaguette	11366	6	xSrKmLVxtIiRKIRS
24	2	An Improved World	5e8fdfa9d51dd65c18f98403	Tbowfr	9881	7	xSrKmLVxtIiRKIRS
25	2	An Improved World	61f34541904c1e0001f465da	Comte	21362	1	SoOoK0tL9ok6Y6OP
25	2	An Improved World	677485108d7eb43c58f713b3	Master__Of__Kitten	15030	2	SoOoK0tL9ok6Y6OP
25	2	An Improved World	5e8fdfa9d51dd65c18f98403	Tbowfr	15015	3	SoOoK0tL9ok6Y6OP
25	2	An Improved World	66c34181c361d9f3b9a03d9b	OG	14220	4	SoOoK0tL9ok6Y6OP
25	2	An Improved World	5f01fa27ff3f0057a023d688	MaxTheBaguette	13151	5	SoOoK0tL9ok6Y6OP
25	2	An Improved World	5e626d0512777c7a20431f1c	LordOozik	11597	6	SoOoK0tL9ok6Y6OP
25	2	An Improved World	68b35047b844e7bdfaf0920f	WiljanGeo	11593	7	SoOoK0tL9ok6Y6OP
26	2	An Improved World	677485108d7eb43c58f713b3	Master__Of__Kitten	19790	1	1BZHYiiyhK2rcIoJ
26	2	An Improved World	61f34541904c1e0001f465da	Comte	18612	2	1BZHYiiyhK2rcIoJ
26	2	An Improved World	5e626d0512777c7a20431f1c	LordOozik	15027	3	1BZHYiiyhK2rcIoJ
26	2	An Improved World	66c34181c361d9f3b9a03d9b	OG	12656	4	1BZHYiiyhK2rcIoJ
26	2	An Improved World	5e8fdfa9d51dd65c18f98403	Tbowfr	12552	5	1BZHYiiyhK2rcIoJ
26	2	An Improved World	5eb9c2e197d6cf4bc8c17c07	Ca_Marsh	10855	6	1BZHYiiyhK2rcIoJ
26	2	An Improved World	5f01fa27ff3f0057a023d688	MaxTheBaguette	10108	7	1BZHYiiyhK2rcIoJ
26	2	An Improved World	68f2e3307b1dd2467d0fc0f5	Etterima	7510	8	1BZHYiiyhK2rcIoJ
27	2	An Improved World	677485108d7eb43c58f713b3	Master__Of__Kitten	19176	1	AEPYNwblvK8Of4PY
27	2	An Improved World	61f34541904c1e0001f465da	Comte	18479	2	AEPYNwblvK8Of4PY
27	2	An Improved World	66c34181c361d9f3b9a03d9b	OG	17616	3	AEPYNwblvK8Of4PY
27	2	An Improved World	68f2e3307b1dd2467d0fc0f5	Etterima	16690	4	AEPYNwblvK8Of4PY
27	2	An Improved World	5e626d0512777c7a20431f1c	LordOozik	15373	5	AEPYNwblvK8Of4PY
27	2	An Improved World	5eb9c2e197d6cf4bc8c17c07	Ca_Marsh	15270	6	AEPYNwblvK8Of4PY
27	2	An Improved World	5e8fdfa9d51dd65c18f98403	Tbowfr	6024	7	AEPYNwblvK8Of4PY
28	2	An Improved World	61f34541904c1e0001f465da	Comte	21707	1	A9wmi8zSnMw2Wuxj
28	2	An Improved World	66c34181c361d9f3b9a03d9b	OG	19086	2	A9wmi8zSnMw2Wuxj
28	2	An Improved World	677485108d7eb43c58f713b3	Master__Of__Kitten	18146	3	A9wmi8zSnMw2Wuxj
